Customer ID,Customer Name,Current email,Location,Age,Gender,Phone_Number
CUST0000,Allison Hill,christopher86@gmail.com,Hillford,53,Male,+1-111-109-6179x817
CUST0001,Noah Rhodes,cwood@gmail.com,Andersonberg,66,Male,904.633.7861x37157
CUST0002,Angie Henderson,omarshall@yahoo.com,Andersonberg,44,Male,(605)384-4446x30600
CUST0003,Daniel Wagner,karencontreras@barnett.biz,Hillford,56,Male,2589552963
CUST0004,Cristian Santos,randallloretta@sheppard-mcdaniel.info,North Victor,56,Female,+1-639-609-6262
CUST0005,Connie Lawrence,zevans@johnson.org,Amybury,68,Male,(582)631-2819x6482
CUST0006,Abigail Shaffer,averyshane@stanton.com,Amybury,57,Male,311-060-9209x81960
CUST0007,Gina Moore,rmiller@harris-carson.com,Amybury,32,Male,001-275-233-4383x6404
CUST0008,Gabrielle Davis,renee11@yahoo.com,Hillford,67,Male,209-117-9112
CUST0009,Ryan Munoz,melissa87@gmail.com,Andersonberg,51,Male,421-175-3617x0617
CUST0010,Monica Herrera,perryeddie@hotmail.com,Hillford,42,Female,+1-136-657-2240x2990
CUST0011,Jamie Arnold,hartcraig@dillon-beard.biz,Hillford,46,Female,557-998-0284
CUST0012,Lisa Hensley,kpena@hotmail.com,South Elkmont,46,Female,390-808-8235
CUST0013,Michele Williams,jacksonrichard@hotmail.com,Andersonberg,37,Female,305-231-2447
CUST0014,Dylan Miller,fosternatasha@hotmail.com,South Elkmont,73,Female,158.477.6863
CUST0015,Brian Ramirez,reesesamantha@smith-roth.com,East Woodville,55,Male,234-619-9423x767
CUST0016,Holly Wood,megan13@gmail.com,Andersonberg,45,Female,(945)919-6639x55172
CUST0017,Derek Zuniga,uschroeder@yahoo.com,Andersonberg,37,Male,8496498560
CUST0018,Lisa Jackson,lopezjason@yahoo.com,Andersonberg,54,Female,256-253-1355
CUST0019,Carla Gray,lori82@gmail.com,Amybury,57,Female,(510)505-3795
CUST0020,Margaret Hawkins DDS,htaylor@hotmail.com,Amybury,21,Female,816.493.8318
CUST0021,Patty Perez,jameswhitaker@wright.com,South Elkmont,57,Female,919-665-5330x770
CUST0022,Ethan Adams,joshuacolon@hotmail.com,South Elkmont,65,Male,611-729-5963x904
CUST0023,Tommy Walter,maldonadojohn@yahoo.com,Andersonberg,24,Female,9074260880
CUST0024,Matthew Foster,susanwells@hotmail.com,South Elkmont,66,Male,017-164-4556x18579
CUST0025,Judy Baker,frank41@yahoo.com,Amybury,31,Female,6477159103
CUST0026,Justin Baker,kwilliams@vincent.com,Hillford,58,Female,0215632135
CUST0027,Stephanie Ross,denise80@smith.org,Hillford,31,Female,+1-004-010-4145
CUST0028,Zachary Hicks,johnnytrujillo@marquez-fletcher.com,Hillford,34,Male,001-964-229-7125x296
CUST0029,Anthony Rodriguez,dyork@yahoo.com,South Elkmont,60,Male,+1-718-839-7745x7314
CUST0030,Rebecca Henderson,hturner@sanders.com,East Woodville,23,Female,001-415-833-1170x30376
CUST0031,James Ferrell,gabrielle71@yahoo.com,Amybury,28,Female,715.398.8547
CUST0032,Tricia Valencia,michelle44@gmail.com,East Woodville,33,Male,+1-281-235-6798x3631
CUST0033,Nathan Maldonado,racheltrujillo@powell.com,South Elkmont,29,Male,624-912-7113x072
CUST0034,Debra Davidson,jordan66@yahoo.com,North Victor,53,Female,078-754-1815x632
CUST0035,Jeffrey Chavez,matthewreeves@nichols.com,Andersonberg,22,Female,(868)507-4510x6634
CUST0036,Sherri Baker,marywalter@gmail.com,Amybury,28,Male,629.489.7861
CUST0037,Cassandra Gaines,ruizjoyce@hotmail.com,Hillford,18,Female,+1-031-310-0943x18143
CUST0038,Elizabeth Fowler,destiny35@garner.biz,East Woodville,44,Male,+1-666-134-7323x549
CUST0039,Brittany Farmer,jorge47@gmail.com,North Victor,46,Female,012-897-4325x1225
CUST0040,Paula Moreno,delacruzbrandy@hotmail.com,North Victor,62,Female,207.650.2412x095
CUST0041,Fred Smith,gpreston@dillon.net,Amybury,56,Male,907.371.0094x3882
CUST0042,Sherry Decker,jbrown@gmail.com,Amybury,48,Male,001-211-457-7584x74570
CUST0043,Anthony Humphrey,robert97@stewart.com,North Victor,36,Female,(458)971-4802x632
CUST0044,Angelica Tucker,lcook@walters-smith.com,Andersonberg,20,Male,(703)965-3136x148
CUST0045,Philip Cannon,barbaramoore@anderson.biz,Andersonberg,32,Female,824.556.9644x309
CUST0046,John Pierce,ysanford@gmail.com,East Woodville,36,Male,591.679.5410x72728
CUST0047,Shane Henderson,jessicadodson@sherman-schmidt.com,Andersonberg,63,Male,982-474-1407x0349
CUST0048,Joshua Blair,jeremywiley@anderson-reyes.org,North Victor,36,Male,074-065-0042
CUST0049,Eric Carney,cameronwilliams@yahoo.com,North Victor,62,Male,(488)214-2369x143
CUST0050,Jessica Holmes,ryan25@yahoo.com,South Elkmont,73,Female,7536661449
CUST0051,Danny Morgan,frederickmeadows@yahoo.com,North Victor,47,Female,296-592-3426x8344
CUST0052,Crystal Robinson,jeffreymercer@gross.net,Andersonberg,22,Male,497-826-6128
CUST0053,Mark Perez,richardsondebra@brooks.com,Hillford,61,Female,585.756.7667x080
CUST0054,Shannon Jones,stanleydesiree@williams.biz,East Woodville,32,Female,001-612-943-9852x98940
CUST0055,Michael Lewis,qmartinez@yahoo.com,South Elkmont,34,Female,001-626-078-7010x41591
CUST0056,Timothy Duncan,heathermccoy@fisher-garcia.net,Andersonberg,68,Female,975-019-8038x2872
CUST0057,Richard Aguirre,robertroach@hotmail.com,East Woodville,68,Female,244.079.3110
CUST0058,Brent Jordan,daniel17@lynch.net,Andersonberg,58,Female,(918)133-1708
CUST0059,John Daniel,jade42@kelley.info,South Elkmont,55,Male,601.467.2384x979
CUST0060,Victoria Garcia,aaronpowers@gmail.com,North Victor,60,Female,620-223-2883
CUST0061,Gerald Hensley,stacychan@gmail.com,Hillford,69,Male,744.197.5466x1766
CUST0062,Connor West,dawn74@marshall-garcia.com,South Elkmont,30,Female,(047)196-0940
CUST0063,Donald Wright,michael56@wilson.com,North Victor,45,Male,+1-970-527-7402x5883
CUST0064,Jessica Callahan,markkline@adams.com,South Elkmont,25,Female,(868)122-5957x244
CUST0065,Amber Kidd,moralessuzanne@houston-vaughn.info,Amybury,52,Female,(176)792-9884x2599
CUST0066,Tracy House,danielhorton@gmail.com,Hillford,32,Female,(996)100-2311x775
CUST0067,Carol Tucker,perrybrittany@gregory.com,Andersonberg,59,Male,001-331-266-1094x10175
CUST0068,James Brown,timothyfreeman@alexander-brown.com,Andersonberg,27,Female,+1-025-176-2983x347
CUST0069,William Baker,tiffanysantiago@stone-watts.org,Hillford,35,Male,433.268.3190x130
CUST0070,Jordan Henderson,pstanley@reed-rhodes.biz,Amybury,70,Male,(056)981-5287
CUST0071,Whitney Peters,smithsarah@allison.com,North Victor,27,Female,397.855.9821
CUST0072,Brittney Phillips,john40@hotmail.com,Andersonberg,22,Female,661.912.8411x730
CUST0073,Lauren Daniels,ppowell@stevens.info,Amybury,21,Female,+1-850-344-6512x418
CUST0074,Amy Silva,hwest@mcgee-smith.biz,Andersonberg,28,Male,001-389-846-9081
CUST0075,Sarah Moore,hawkinsaaron@gmail.com,East Woodville,68,Male,001-740-056-4350
CUST0076,Angela Lopez,diamondbryant@yahoo.com,North Victor,37,Female,(385)037-1990
CUST0077,Megan Young,velasquezmegan@yahoo.com,East Woodville,56,Female,(169)918-7240x107
CUST0078,Steve Sanchez,jennifer11@hotmail.com,Hillford,65,Female,356.743.0003x89608
CUST0079,Lisa Barnes,petersonmaria@kelley-brooks.com,North Victor,70,Male,066.266.8217x1955
CUST0080,Kelly Donovan,travisunderwood@griffith.com,Amybury,54,Male,560.331.9036
CUST0081,Mike Allen,ylewis@love.biz,North Victor,36,Female,001-890-030-1027x2405
CUST0082,Michael Evans,bartonshannon@lawrence.com,North Victor,46,Female,(934)296-7111x483
CUST0083,Paul Jones,eroberson@norman.com,Amybury,25,Male,537.458.4384x5881
CUST0084,Zachary Ferrell,hughescaroline@gordon-cruz.org,Hillford,47,Female,5697413283
CUST0085,Daniel Baker,raymond54@ballard-taylor.org,North Victor,62,Female,831-520-3771x0704
CUST0086,Shirley Suarez,jennifer83@gmail.com,Hillford,37,Male,964-104-9670x667
CUST0087,Christopher Bass,glenda22@daniels.com,Hillford,62,Male,3362680408
CUST0088,Lisa Archer,icraig@yahoo.com,Hillford,43,Female,001-509-549-3059x66018
CUST0089,Aimee Montoya,millsanthony@gmail.com,Andersonberg,35,Female,(487)699-8426x7320
CUST0090,Matthew Mcmillan,gonzalezkaren@terrell.com,South Elkmont,50,Male,413-845-9609x454
CUST0091,Brian Rodriguez,vaughnkenneth@johnson.net,Hillford,52,Male,+1-490-149-5427x70707
CUST0092,Denise Jacobs,yyoung@roberts.biz,Amybury,49,Male,5783609149
CUST0093,Christina Walters,tammy00@hotmail.com,South Elkmont,46,Male,+1-517-244-4723
CUST0094,John Whitehead,christinenorman@yahoo.com,Hillford,23,Male,+1-229-031-0287x9508
CUST0095,Anna Henderson,kari89@parsons.com,Amybury,56,Female,001-304-405-8093x511
CUST0096,Aaron Wise,tonyajones@gmail.com,Amybury,20,Male,718.133.5956x16420
CUST0097,Deborah Figueroa,rwilliams@baker.com,East Woodville,74,Male,955-657-4902x50429
CUST0098,Jessica Smith,jmckinney@gmail.com,East Woodville,45,Female,1935889536
CUST0099,Stephen Mckee,candice94@tyler-pierce.com,North Victor,65,Male,001-026-113-9898
CUST0100,Sandra Aguilar,susanmeyer@hotmail.com,Hillford,38,Female,001-681-809-7887x5439
CUST0101,Cameron Parker,zdaniels@bailey.com,Hillford,56,Male,353-537-5137x6515
CUST0102,Rebecca Valencia,kelly98@yahoo.com,South Elkmont,34,Male,+1-815-793-7639
CUST0103,Christine Wright,caldwellsean@austin.com,Amybury,19,Male,(836)929-4455
CUST0104,Richard Henson,cruzamber@yahoo.com,Hillford,23,Male,166-829-7327
CUST0105,Marc Moore,willie87@williams-villanueva.com,North Victor,32,Female,2164871206
CUST0106,Sharon Cherry,vaughangary@hotmail.com,Andersonberg,61,Male,2128866526
CUST0107,Sierra Johnson,clarkcrystal@hancock.com,Amybury,71,Female,001-834-155-9991x015
CUST0108,Evelyn Galvan,elucas@parks.com,Andersonberg,73,Female,676.472.2981x209
CUST0109,Sharon Cochran,brownlaura@jones.biz,North Victor,54,Male,001-576-572-8941
CUST0110,Richard Rodriguez,bmccoy@yahoo.com,East Woodville,55,Female,475.098.8986
CUST0111,Shannon Walker,inunez@may.com,North Victor,19,Female,565-220-3684x9951
CUST0112,Julia Torres,howardwesley@buchanan-turner.com,Andersonberg,66,Female,(421)447-7324x491
CUST0113,Crystal Johnson,qjames@gmail.com,Amybury,61,Male,421.388.2090
CUST0114,Garrett Lin,amandataylor@yahoo.com,South Elkmont,70,Male,+1-830-705-3496
CUST0115,Diana May,kennetheaton@hotmail.com,Hillford,35,Female,001-782-741-1767x4124
CUST0116,William Herrera,spencerangela@gmail.com,North Victor,54,Female,001-151-315-2854x7815
CUST0117,Ashley Waller,armstrongphillip@arroyo.com,Amybury,20,Male,6185380032
CUST0118,Victor Baker,gwhitehead@martin.org,Hillford,66,Female,001-633-472-7274
CUST0119,Jeffrey Chandler,dannylambert@hotmail.com,East Woodville,66,Female,(318)306-1789
CUST0120,Larry Dixon,enewman@powers-king.com,East Woodville,29,Female,206.496.9357
CUST0121,Kenneth Scott,michael31@yahoo.com,Hillford,48,Female,243.477.6958x74131
CUST0122,April Frost,louishayes@hopkins.org,East Woodville,51,Female,001-467-536-1275x15627
CUST0123,Michelle Harmon,susan20@yahoo.com,Amybury,59,Female,963.044.8360x8545
CUST0124,Helen Jones,jenniferdavidson@larsen-taylor.com,North Victor,46,Male,(676)640-4735x04763
CUST0125,Erin Edwards,xgriffin@yahoo.com,Amybury,35,Male,001-283-199-5298
CUST0126,Michelle Evans,thompsoncatherine@yahoo.com,Amybury,29,Male,0615581083
CUST0127,Jason Powell,josemercado@luna.net,Hillford,55,Female,(832)863-4255x638
CUST0128,Cameron Fisher,nhammond@arnold.net,South Elkmont,45,Male,001-300-081-8670x2440
CUST0129,Megan Orr,michaelwalker@hotmail.com,South Elkmont,58,Female,304.166.2411
CUST0130,Elizabeth Kelley,stevendixon@yahoo.com,North Victor,70,Female,860-089-2196
CUST0131,Dustin Jordan,batesmelanie@hotmail.com,Hillford,49,Male,945.680.4473
CUST0132,Mary Marshall,seanwhite@hopkins.info,South Elkmont,23,Male,497-646-1368
CUST0133,Daniel Kennedy,robinsontony@gmail.com,East Woodville,48,Female,748-836-0765x817
CUST0134,Rebecca Jackson,jim38@yahoo.com,South Elkmont,40,Male,906.375.7914
CUST0135,Jose Schultz,chardin@gmail.com,East Woodville,44,Male,211-823-7931x26978
CUST0136,Robert Potter,padillaadrienne@yahoo.com,North Victor,39,Female,001-930-746-4520x5996
CUST0137,Courtney Gonzalez,nicholasgray@hotmail.com,Amybury,38,Female,4387875357
CUST0138,David Alvarez,nicholas38@gomez-parrish.info,Amybury,60,Male,001-788-116-1620x281
CUST0139,Angel Perry,shawdon@gmail.com,South Elkmont,24,Female,(371)067-2872
CUST0140,Cheyenne Horton,robertsonjuan@lopez.org,East Woodville,72,Male,001-866-041-6448x5959
CUST0141,David Douglas Jr.,robertrivera@olson.info,Andersonberg,28,Male,+1-224-839-5894x7735
CUST0142,Patricia Rodriguez,deborahjenkins@williams.org,Andersonberg,39,Female,001-228-705-6227x1043
CUST0143,Christopher Rubio,crystalwilliams@thomas.net,Andersonberg,44,Female,187.510.9792
CUST0144,Amber Wright,johnsjessica@yahoo.com,Amybury,62,Male,583-503-4469
CUST0145,Joyce Solis,shanehaney@jackson-greer.org,Hillford,49,Female,001-459-648-8319x2134
CUST0146,Victoria Larson,cindydixon@ramsey.info,Amybury,36,Male,(491)289-6599
CUST0147,Stephanie Salazar,nicholasanderson@harris.biz,Hillford,60,Female,+1-497-320-3319x222
CUST0148,Kathy Rivas,thompsonrachel@williams.com,East Woodville,43,Female,051.028.7675x4813
CUST0149,Stephanie Manning,mhopkins@carey.biz,South Elkmont,70,Male,+1-666-754-8581
CUST0150,David Wright,nancy86@gmail.com,Andersonberg,66,Female,+1-324-268-7741x865
CUST0151,Pamela Boyd,zbell@hotmail.com,East Woodville,53,Male,(057)563-9836
CUST0152,Denise Jones,eanderson@kent.com,East Woodville,20,Female,(203)758-3094x515
CUST0153,Devon Flores,jacob09@hotmail.com,South Elkmont,47,Male,809-404-7604x409
CUST0154,Brenda Hall,brooksjamie@ortiz-rodriguez.biz,East Woodville,23,Male,7977278105
CUST0155,Michelle Brown,melissa69@yahoo.com,South Elkmont,38,Female,9222161070
CUST0156,Joshua Perry,afischer@hotmail.com,North Victor,34,Male,184-390-5529x58066
CUST0157,Jason Stein,mitchellpeters@yahoo.com,South Elkmont,38,Female,+1-013-824-1270x49386
CUST0158,Melissa Gates,kim62@hotmail.com,Andersonberg,25,Male,(044)851-5791
CUST0159,Jamie Smith,seanlyons@garcia.biz,Hillford,67,Male,001-711-121-2590
CUST0160,Paul Castaneda,martintamara@gmail.com,Hillford,43,Male,001-203-571-3432x40642
CUST0161,Jennifer Adkins,thomasburke@brown.com,Andersonberg,73,Female,295-633-4324x474
CUST0162,Lindsey Walker,ramseysarah@mendez-meyer.org,Hillford,50,Female,759-558-7209
CUST0163,Jeffrey Johnson,daniellegonzales@jefferson.com,South Elkmont,70,Male,(289)365-4358x8418
CUST0164,Michael Powell,bowerswilliam@hall.com,North Victor,18,Female,001-343-740-1827x27955
CUST0165,John Anderson,christopherhill@gomez-foster.org,Hillford,60,Female,001-690-515-0267
CUST0166,Alyssa Long,mclaughlincasey@dunn.net,North Victor,73,Male,512-542-7820x79799
CUST0167,Alyssa Day,sylvia43@hotmail.com,Andersonberg,52,Male,001-667-345-9576x403
CUST0168,Joel Williams,kspears@green.net,North Victor,47,Male,001-816-649-6902x82498
CUST0169,Daniel Murphy,gordonmatthew@pratt.net,East Woodville,44,Female,922.501.4257
CUST0170,Jamie Walton,kchurch@yahoo.com,Amybury,21,Male,(270)232-4412x3361
CUST0171,Darlene Miller,susan77@atkins.biz,East Woodville,30,Male,001-328-507-2517x8637
CUST0172,Joshua Cooke,laurengutierrez@black-smith.com,Andersonberg,51,Female,+1-673-162-5265x46968
CUST0173,Matthew Harrington,christopher51@velazquez.org,Hillford,41,Male,579-039-2355
CUST0174,Nicole Herring,staceyvega@gmail.com,Hillford,57,Female,809-961-3273x03461
CUST0175,Alex Hernandez,jimmyallen@yahoo.com,North Victor,66,Male,626-244-6704x62268
CUST0176,Michael Elliott,jameswright@kelly.com,South Elkmont,49,Female,715-160-2529
CUST0177,Michael Wang,duranamber@gmail.com,Amybury,58,Male,670.766.0464x19785
CUST0178,Lawrence Adkins,christine79@yahoo.com,South Elkmont,46,Male,001-758-512-6861x20594
CUST0179,Robert Oconnell,traceymoon@yahoo.com,Andersonberg,66,Male,897.607.4017
CUST0180,Alexander Collins,karenanderson@hotmail.com,Hillford,21,Female,509.546.5408x424
CUST0181,Tina Sanders,cayers@hotmail.com,North Victor,31,Female,(607)540-9150x863
CUST0182,Angela Vaughn,xdalton@gmail.com,Hillford,35,Male,(181)227-6457
CUST0183,Ashley Barton,wolfesteve@hotmail.com,South Elkmont,53,Male,001-938-970-1550x291
CUST0184,Lindsay Martinez,craignicolas@nguyen.com,South Elkmont,26,Female,(815)466-0241x6139
CUST0185,Dr. Hannah Patterson,joel79@diaz-jimenez.com,Amybury,36,Male,498-830-5973x642
CUST0186,Jonathan Peterson,michael64@yahoo.com,Amybury,46,Male,809-624-4063x062
CUST0187,Samantha Garcia,tiffanyparks@le.net,North Victor,74,Male,479-513-3053x194
CUST0188,Madison Poole,zgonzalez@hotmail.com,Amybury,62,Female,001-979-695-8678x0555
CUST0189,Jessica Gross,lshaffer@porter-cowan.net,South Elkmont,49,Female,(727)738-2646x091
CUST0190,Debra Morton,jevans@hotmail.com,South Elkmont,25,Male,+1-785-138-5445x7702
CUST0191,Karen Graham,kgarcia@lewis.info,Andersonberg,19,Female,+1-929-596-6048x736
CUST0192,Debra Christian,qgarner@ward-grant.com,South Elkmont,58,Male,+1-269-116-3319
CUST0193,Angelica Keith,jenkinsmichael@hotmail.com,North Victor,56,Female,226-865-3694x5515
CUST0194,John Bishop,tiffanymitchell@nunez-freeman.info,East Woodville,69,Male,886.367.7472x26408
CUST0195,Allen Rosales,daustin@frye.com,Andersonberg,33,Male,721-696-6630x93299
CUST0196,Daniel Salinas,esweeney@gmail.com,Andersonberg,63,Female,199.605.9329x71509
CUST0197,Spencer Haynes,jeremy54@adams.info,North Victor,28,Male,+1-688-327-5327x3524
CUST0198,Adam Vaughan,lgutierrez@gmail.com,North Victor,37,Male,039-773-9732
CUST0199,Nathan Freeman,ebonyshepard@brady.com,Amybury,53,Female,819.523.7100x687
CUST0200,Melissa Brewer,bkelley@warren-ferrell.com,Andersonberg,18,Female,(164)819-8077x0460
CUST0201,Ricky Davis II,christopherhuynh@yahoo.com,Amybury,53,Male,(687)611-2491x256
CUST0202,Elizabeth Perkins,johnmitchell@hotmail.com,South Elkmont,44,Female,+1-523-734-1517x73454
CUST0203,Joseph Coleman,alisonjackson@alvarado.info,Andersonberg,23,Female,001-757-494-9022x840
CUST0204,Erin Warner,amy28@gmail.com,Andersonberg,32,Female,595.442.9477
CUST0205,David Martinez,omills@hotmail.com,Hillford,71,Male,+1-422-294-6430x39429
CUST0206,Bryan Herrera,timothy31@yahoo.com,East Woodville,25,Female,4588679252
CUST0207,Cathy Robinson,robert24@gmail.com,Andersonberg,47,Male,001-858-567-2872
CUST0208,Dr. William Warren,mauriceharrison@watts.info,South Elkmont,25,Female,601.534.3324x9135
CUST0209,Brian Lee,cannonlauren@hotmail.com,Amybury,59,Male,790.833.5061x5814
CUST0210,Christopher Smith,kelleyjacob@kim.biz,Amybury,71,Male,+1-881-079-8334
CUST0211,Denise Mccann,josehenderson@gmail.com,Hillford,27,Female,001-233-720-9484x1312
CUST0212,Melissa Martinez,deborah84@yahoo.com,East Woodville,49,Male,403.339.9771x80513
CUST0213,Katherine Salas,whitekeith@gibson.info,South Elkmont,63,Male,171.731.8939x7490
CUST0214,Julie Alexander,andrew08@lopez.com,Amybury,36,Female,001-617-399-7046
CUST0215,Anthony Everett,jenniferacosta@gmail.com,North Victor,50,Female,+1-472-587-8444x835
CUST0216,Rodney Morales,alexisrobinson@collins-lloyd.com,South Elkmont,63,Male,884-712-7058x772
CUST0217,Mark Brown,riveramegan@gmail.com,South Elkmont,35,Female,(164)175-8231
CUST0218,Justin Torres,kimberly18@white-huang.com,East Woodville,44,Female,001-334-845-8714x93925
CUST0219,Bailey Duran DDS,martinezkayla@gmail.com,Amybury,71,Male,(362)292-5879
CUST0220,Courtney Mills,cwright@gmail.com,South Elkmont,48,Male,(434)745-2455x57469
CUST0221,Jeremy Dalton,boydtina@yahoo.com,Hillford,48,Male,(606)065-2740x3344
CUST0222,Elizabeth Oliver DDS,sharon20@hotmail.com,Hillford,33,Female,(056)658-8339x874
CUST0223,Theresa Clark,timothy43@clay-boyer.com,Amybury,47,Male,132-579-7067
CUST0224,Matthew Moore,cynthianguyen@bauer.com,Hillford,53,Female,499.601.0548
CUST0225,Benjamin Smith,albertwilliams@hotmail.com,North Victor,27,Male,(741)721-5622x949
CUST0226,Kirk Carter,nathandavis@gmail.com,East Woodville,42,Male,817.359.8488
CUST0227,Michael Warner,parksmatthew@hotmail.com,Hillford,30,Male,021-557-3257x3755
CUST0228,Michael Bradshaw,kellyeric@moody.net,Hillford,56,Male,449.021.6667
CUST0229,Lori Guerrero,bquinn@hotmail.com,North Victor,50,Female,8085096085
CUST0230,Jessica Stephens,jennifer40@yahoo.com,East Woodville,65,Female,+1-749-511-9181
CUST0231,Susan Serrano,amy73@hotmail.com,South Elkmont,74,Female,+1-281-979-3164
CUST0232,Christopher Parker,mario74@rocha.com,East Woodville,26,Female,725.129.5786x069
CUST0233,Laura Roberts,lori85@yahoo.com,Andersonberg,73,Female,096-003-5624x3958
CUST0234,Michael Lyons,bgross@vincent.com,Amybury,22,Male,395.923.2342x108
CUST0235,Kathryn Snyder,alexandriajimenez@hotmail.com,Amybury,35,Male,+1-028-515-5333x426
CUST0236,Andrew Reynolds,marcus51@mills.com,Andersonberg,67,Female,335-027-1607x360
CUST0237,David Davis,morganharris@lee-johnson.biz,North Victor,68,Female,763.369.1128x981
CUST0238,Sara Johnston,brandon39@hotmail.com,Andersonberg,72,Male,(317)955-6331
CUST0239,Yvonne Chambers,conradjason@hebert-collier.info,South Elkmont,44,Female,574.817.0066x61554
CUST0240,Andrew Avila,angela65@brown.com,South Elkmont,39,Female,643-167-0450
CUST0241,Matthew Moon,blackburnsusan@gmail.com,Amybury,68,Male,(329)028-2270
CUST0242,Kevin Walters,amandalopez@sandoval.net,South Elkmont,50,Female,9345962622
CUST0243,Brandon Bailey MD,mirandabarbara@hotmail.com,Amybury,35,Female,225.120.7346x54950
CUST0244,Shannon Rivera,kandrade@gmail.com,Andersonberg,70,Female,5070260869
CUST0245,Donna Landry,diane89@yahoo.com,Andersonberg,18,Female,001-822-105-3161x1776
CUST0246,Krista Gibson,andrea55@yahoo.com,Hillford,36,Female,+1-729-047-7425
CUST0247,Frank Cordova,charlene98@gmail.com,Hillford,64,Female,+1-859-177-9323x82231
CUST0248,Jose Travis,michael77@yahoo.com,Andersonberg,37,Male,001-164-913-3424x5798
CUST0249,Kimberly Gutierrez,birdcaitlin@taylor.com,Amybury,71,Female,942.565.2906x03202
CUST0250,Isaiah Avila,andrew48@hawkins.com,Andersonberg,55,Female,+1-032-650-9775x3967
CUST0251,Olivia Harris,eric45@hotmail.com,Andersonberg,55,Female,794.871.4855
CUST0252,Tanya Kim,jonathanevans@ross.com,North Victor,60,Female,(457)871-5841
CUST0253,Barbara Dudley,tracynolan@hotmail.com,Andersonberg,49,Male,(608)213-7118x425
CUST0254,Cynthia Moore,benjamin96@deleon.com,South Elkmont,73,Female,768-182-6832x3035
CUST0255,Kristen Davis,hconrad@gmail.com,Amybury,27,Male,929.880.8583x82521
CUST0256,Susan Murray MD,hbrown@flores.com,North Victor,46,Female,+1-293-289-6340x64686
CUST0257,Kathleen Moran,ericnunez@yahoo.com,Hillford,52,Male,752.401.4843x9910
CUST0258,Denise Davenport,walkerkeith@yahoo.com,East Woodville,48,Female,001-622-723-6266x93351
CUST0259,Mrs. Kristen Reyes,matthewalvarez@williams.net,Amybury,40,Female,426.192.3724
CUST0260,Katie Suarez,kathleencastillo@gmail.com,South Elkmont,39,Male,001-501-848-1973x74189
CUST0261,Desiree Tyler,mpearson@hotmail.com,Amybury,53,Male,215.406.4176x927
CUST0262,Timothy Romero,charlesfrank@cohen-johnston.com,Hillford,66,Female,001-438-119-9537x66014
CUST0263,Diane Evans,mdiaz@yahoo.com,South Elkmont,52,Female,001-448-564-5101x7397
CUST0264,Yvonne Burns,carrillogary@yahoo.com,South Elkmont,42,Female,964.178.9969
CUST0265,Joshua Reed,scottglass@gmail.com,East Woodville,47,Female,609.191.9113x59966
CUST0266,Kimberly Gibson,eric11@brown.com,Amybury,38,Female,001-057-798-0660x392
CUST0267,Colin Terry,heather14@ruiz-rivera.net,East Woodville,73,Male,5146074555
CUST0268,Cynthia Rowe,amychristensen@webb.com,East Woodville,30,Female,470.574.2388
CUST0269,Patrick Thornton,scottbrian@gmail.com,Amybury,62,Female,+1-565-271-5598x3541
CUST0270,Jasmin Alvarado,marshallsierra@gmail.com,Andersonberg,33,Female,001-165-972-6347x5575
CUST0271,Veronica Simpson,elizabeth51@gmail.com,Andersonberg,54,Male,001-225-013-9488x48826
CUST0272,Jonathan Lawrence,yhall@hotmail.com,Hillford,42,Female,+1-131-196-4258x562
CUST0273,Shelly Alexander,todd98@lopez.info,East Woodville,32,Female,(149)915-3703x8240
CUST0274,Joyce Bowen,wrightalyssa@burns-garner.com,North Victor,72,Female,333.373.2043x0977
CUST0275,Matthew Moore,michael43@hotmail.com,East Woodville,67,Male,(889)362-8969x64546
CUST0276,Wayne Morgan,garrettnatasha@gmail.com,East Woodville,44,Male,(535)851-2538x921
CUST0277,Marie Christian,edwardprince@hotmail.com,East Woodville,20,Female,785.193.5837x49079
CUST0278,Shannon James,blairabigail@salazar.com,Hillford,38,Female,796.120.8780x572
CUST0279,Nathan Malone,mwaller@cole-anderson.com,Andersonberg,65,Male,514-940-9762
CUST0280,Amanda Jones,kylethornton@browning.com,Hillford,48,Male,(374)845-3986x2895
CUST0281,Tammie Bright,carlos81@stewart.com,Hillford,63,Male,9059119186
CUST0282,Jessica Garcia,tali@yahoo.com,Hillford,69,Female,001-233-922-0715x1169
CUST0283,Shelia Wallace,kimberlyrodriguez@gmail.com,Andersonberg,42,Male,001-666-725-2145x264
CUST0284,Stephanie Williams,catherine93@hall.info,Andersonberg,42,Male,124.633.5157x1840
CUST0285,Elaine Brooks,xjoseph@christian.info,East Woodville,60,Male,+1-080-512-0800x564
CUST0286,Joseph Knight,jamesjohnson@schaefer.com,Hillford,68,Male,9951239728
CUST0287,Carolyn Miller,carlho@camacho-burns.com,North Victor,70,Female,512.959.2728
CUST0288,Lisa Allen,ronaldparsons@hotmail.com,Andersonberg,59,Female,(709)081-4415
CUST0289,Briana Murray,phillip99@hotmail.com,Amybury,27,Female,+1-298-217-3929x57867
CUST0290,David Smith,hayesmargaret@rich.net,Amybury,49,Male,815-352-3736
CUST0291,Stephanie Byrd,grantzachary@hotmail.com,Amybury,20,Male,5079181589
CUST0292,Jeremy Reed,kellysanders@ayala-mitchell.com,South Elkmont,26,Female,001-886-834-5273
CUST0293,Margaret Coleman,christie08@gmail.com,East Woodville,50,Female,666-617-0715x8796
CUST0294,Ryan Gonzalez,gdavis@gmail.com,Amybury,55,Female,740-803-1499x8250
CUST0295,John Young,phillipmorris@white.com,East Woodville,39,Female,+1-004-635-8068
CUST0296,Laura Haney,wrightheather@hotmail.com,Amybury,73,Male,285.031.7235x13739
CUST0297,William Barrett,davisjasmin@cox.net,North Victor,24,Male,+1-900-631-4035x2635
CUST0298,Keith Jennings,cpierce@barr.com,East Woodville,73,Female,(022)939-4694x3460
CUST0299,Amber Obrien,haroldjoseph@parker-cross.info,Amybury,72,Female,(664)374-9060x72311
CUST0300,Tanner Mitchell DDS,davidanderson@gmail.com,Andersonberg,46,Female,271-285-2464
CUST0301,Heather Fields,alexander77@aguirre.com,East Woodville,24,Female,+1-449-411-6318
CUST0302,Megan Le,fortiz@hotmail.com,South Elkmont,51,Male,328.077.1130x6211
CUST0303,Sara Fuller,nicoleramirez@grant.com,Andersonberg,47,Male,695.727.9083
CUST0304,Maria Parker,benjamin09@evans.biz,Andersonberg,18,Male,001-350-902-5425x73066
CUST0305,Kevin Oconnor,emilycarr@graves.info,Hillford,64,Male,(481)323-5707
CUST0306,Edward Burgess,daviskevin@yahoo.com,South Elkmont,27,Female,398-482-2850
CUST0307,Carlos Ryan,changmegan@gmail.com,Andersonberg,44,Female,168-809-2550
CUST0308,Kiara Mcintyre,staylor@yahoo.com,Andersonberg,73,Male,(130)609-0691
CUST0309,Dawn Summers,swarren@gmail.com,Amybury,59,Female,098.107.9649
CUST0310,Dr. Paul Morgan,duncantiffany@benitez.com,Amybury,27,Female,(737)945-7727x8532
CUST0311,Victor Taylor,jordan99@yahoo.com,East Woodville,22,Female,264-250-6420x7683
CUST0312,Shannon Ramsey,ostone@vasquez-white.org,East Woodville,48,Male,(253)666-7776x7555
CUST0313,Tracy Ballard,tiffany01@marshall.com,East Woodville,68,Female,+1-628-333-3939x57865
CUST0314,Richard Smith,wwilliams@hotmail.com,Amybury,34,Female,+1-436-271-8749x6033
CUST0315,Jordan Chambers,davidsonhannah@tyler-parker.net,East Woodville,39,Male,826-862-7036x92492
CUST0316,Lauren Carson,wilsonmathew@yahoo.com,Andersonberg,57,Male,+1-693-265-7327x5998
CUST0317,Ashley Hall,jamesbass@mendoza.com,Amybury,62,Male,001-011-100-0515x5323
CUST0318,Stephen Hoffman,courtneymcclain@hotmail.com,East Woodville,43,Male,159-597-7524x4182
CUST0319,Connie Brown,abowers@hotmail.com,Andersonberg,59,Female,(261)896-2887
CUST0320,Susan Turner,annette58@smith.com,East Woodville,23,Male,001-431-271-0267x672
CUST0321,Charles Shah,juanjohnson@sims-kirby.org,North Victor,72,Female,001-095-799-2707x95515
CUST0322,Johnathan Davis,brookehancock@yahoo.com,East Woodville,39,Male,229-462-1354
CUST0323,Brandy Chavez,nelsonchristopher@gmail.com,North Victor,72,Female,001-159-709-9625x438
CUST0324,Natalie Bautista,tgallegos@gmail.com,East Woodville,61,Female,807-520-3447x650
CUST0325,Patrick Moore,danielglover@gmail.com,Hillford,72,Male,715-802-9090x463
CUST0326,Brett Burns,zhunter@stein-moore.com,Hillford,52,Female,660.465.5866x5254
CUST0327,Trevor Johnson,kimberly21@hotmail.com,South Elkmont,42,Female,+1-374-417-1581
CUST0328,Jeremy Sampson,jennystevens@hancock.com,Hillford,38,Male,2131251293
CUST0329,Ariana Jennings,steven01@miranda.com,Hillford,58,Male,001-110-059-1297x51910
CUST0330,Vanessa Howard,james44@flores.com,East Woodville,63,Female,001-231-211-0633x016
CUST0331,Colton Martinez,danny98@garcia.com,Amybury,74,Male,837-379-2749x07280
CUST0332,Jordan Bates,audrey21@austin-morgan.info,Amybury,66,Male,234-289-3113
CUST0333,Linda Smith,anthonyberger@rodriguez.com,North Victor,49,Male,(532)694-9684
CUST0334,Dana Martinez,mwhite@hotmail.com,Amybury,73,Male,645.380.4421
CUST0335,Andrea Hubbard,larry38@gmail.com,Andersonberg,52,Male,1750961701
CUST0336,Daniel Kane,christopherlang@hotmail.com,South Elkmont,20,Female,959-194-5757x57475
CUST0337,Charles Lester,bryantgabrielle@hotmail.com,Hillford,57,Male,+1-339-205-6775
CUST0338,Scott Thomas,ohall@gmail.com,South Elkmont,22,Female,(777)226-6025x6265
CUST0339,David Thompson,philip55@yahoo.com,Andersonberg,33,Female,6229231067
CUST0340,Allison Smith,jonesdaniel@yahoo.com,Hillford,58,Female,(453)076-2484
CUST0341,Cynthia Morris,justinbailey@hotmail.com,North Victor,61,Male,379.766.2705
CUST0342,Anthony Harmon,sullivanjennifer@nguyen.com,Andersonberg,36,Male,157-942-3873
CUST0343,Nichole Alvarez,amorales@gmail.com,Andersonberg,32,Male,(704)254-9691x92845
CUST0344,Kayla Rodriguez,terrireyes@clark-benson.biz,South Elkmont,65,Female,001-525-971-0756x3353
CUST0345,Theresa Williams,amy32@hotmail.com,East Woodville,23,Female,748-595-3259x39933
CUST0346,Sharon Boyd,mwilson@nguyen-davis.info,South Elkmont,45,Female,970.581.6295x1877
CUST0347,Victor Brown,stephanie19@jennings.biz,South Elkmont,24,Female,+1-417-634-2507x330
CUST0348,James Parks,dnewman@gmail.com,Amybury,66,Female,597-824-5759x83399
CUST0349,Theodore Jones Jr.,paigeberger@pacheco.info,Andersonberg,58,Male,403-884-3660
CUST0350,Ana Hill,cgilbert@gmail.com,South Elkmont,63,Male,432-400-6157x2768
CUST0351,Kimberly Nguyen,kevin46@haas.com,Andersonberg,73,Female,(975)147-4397
CUST0352,Kerry Chavez DDS,melissabrown@hotmail.com,Amybury,24,Male,292-501-0587x5256
CUST0353,Michael Farrell,warnerlori@rodriguez-campbell.com,Andersonberg,46,Female,+1-065-625-9045
CUST0354,Patricia Le,zpark@flores.net,South Elkmont,28,Female,001-908-027-1122
CUST0355,Jesse Perez,thomaslopez@bridges-ward.biz,Andersonberg,62,Female,823-155-5165
CUST0356,Jesse Perry,whitney22@jones.com,Hillford,37,Male,001-176-808-6628x13721
CUST0357,Jeffery Ortega,iproctor@gmail.com,Amybury,75,Male,001-433-080-0370x03322
CUST0358,Christian Leblanc,ydalton@munoz.net,East Woodville,19,Male,556.608.4706x81039
CUST0359,Ronald Davis,ocruz@gmail.com,Andersonberg,20,Female,3397051958
CUST0360,Parker Cain,lanemelanie@gmail.com,South Elkmont,38,Male,(632)809-4485
CUST0361,Laurie Hoffman,khouse@yahoo.com,Amybury,68,Male,623.945.3546x14707
CUST0362,Bryan Gomez,carrolljanet@carpenter.com,South Elkmont,21,Male,+1-863-210-6133x943
CUST0363,Nicole Parrish,steven18@davis.com,South Elkmont,36,Female,001-457-039-4380
CUST0364,Tracy Burke,bergeramanda@gmail.com,Andersonberg,40,Male,032-537-6576x9277
CUST0365,Kenneth Lewis,ehunt@hotmail.com,South Elkmont,41,Male,+1-943-191-0090
CUST0366,Courtney Rodriguez,zgomez@yahoo.com,Andersonberg,45,Female,4047692105
CUST0367,Holly Farmer,austinlivingston@hotmail.com,East Woodville,27,Male,365.146.0401
CUST0368,Renee Bruce,bryan79@gmail.com,Hillford,33,Female,247-310-7201x1379
CUST0369,Sabrina Austin,lisa90@washington-martinez.com,South Elkmont,51,Female,001-844-097-1231x660
CUST0370,Allison Hickman,david44@yahoo.com,South Elkmont,44,Male,7676209014
CUST0371,Debra White,munozrenee@hernandez.com,South Elkmont,54,Female,001-473-404-3370x096
CUST0372,Ellen Morgan,hwhite@cooper.com,North Victor,61,Male,+1-730-451-9577
CUST0373,Sergio Knight,amullins@young-alexander.com,North Victor,68,Female,+1-255-882-5562
CUST0374,Charles Schultz,brian41@jackson.info,Amybury,29,Male,001-657-542-7865
CUST0375,Paul Lewis,wreese@hotmail.com,Hillford,28,Female,(194)255-7782x05829
CUST0376,Glen Wood,yvega@baker-moreno.biz,Hillford,29,Male,829-236-1618x80819
CUST0377,Paula Bradley,sara76@stewart.com,North Victor,23,Male,4823571558
CUST0378,Anthony Moore,pbishop@yahoo.com,Amybury,57,Male,(863)956-1372x3081
CUST0379,Megan Nelson,joseph14@hotmail.com,North Victor,73,Male,214.364.3813x0004
CUST0380,Karla Ramos,vmejia@gmail.com,East Woodville,42,Female,321-147-1656
CUST0381,Paul Wilson,erica25@smith.biz,Amybury,57,Male,9456534699
CUST0382,Douglas Gregory,jenningsmichael@campbell.com,Hillford,61,Male,990.707.5504x7681
CUST0383,Mr. Andrew Foster,stephanielittle@rosario.biz,Hillford,33,Male,(995)706-0717x48113
CUST0384,Aimee Turner,dominguezjon@guerrero-jones.info,North Victor,49,Male,001-176-539-7054x8739
CUST0385,Chad Scott,qschwartz@yahoo.com,East Woodville,55,Female,(102)908-7182x74968
CUST0386,Adam Burgess,kimberlyramirez@gmail.com,North Victor,27,Male,+1-049-187-2742x0495
CUST0387,James Padilla,dcook@yahoo.com,Andersonberg,32,Female,(121)377-3062x60423
CUST0388,Sandra Drake,scottvasquez@gmail.com,Andersonberg,47,Male,973-711-2229x90775
CUST0389,Scott Williams,debbierodriguez@hotmail.com,East Woodville,58,Female,001-608-581-6704x686
CUST0390,Thomas Atkins,christinarodriguez@yahoo.com,South Elkmont,34,Female,114-576-8321
CUST0391,Laura Mckinney,johnsonchad@hotmail.com,South Elkmont,47,Female,2192378584
CUST0392,Brian Smith,fsmith@gmail.com,Andersonberg,34,Female,129.618.0332x4260
CUST0393,Robert Montgomery,ortegajoseph@rivera.info,Andersonberg,60,Male,(080)184-9804x253
CUST0394,Tamara Davis,upowell@gmail.com,South Elkmont,18,Female,337.773.1268x8122
CUST0395,Dana Chapman,cruzhannah@martinez-nichols.com,Amybury,75,Female,217.819.2365x34606
CUST0396,Jennifer Collins,richard15@hotmail.com,South Elkmont,69,Female,5603567932
CUST0397,Gary Jackson,randallkathleen@yahoo.com,North Victor,47,Male,986.239.8471x6906
CUST0398,Ashley Hicks,angelaponce@lee.com,Amybury,75,Male,812-054-6475
CUST0399,Hannah Luna,mccluresamuel@gmail.com,North Victor,36,Male,895-478-7698x9992
CUST0400,Robin Young,leejennifer@allen.com,Andersonberg,61,Female,517.588.9144x4498
CUST0401,Craig Morrison,blevy@gmail.com,Amybury,52,Female,553.935.4358
CUST0402,Mary Thompson,morganjennifer@yahoo.com,North Victor,28,Female,+1-644-963-9243x58853
CUST0403,Kathleen Webster,lindsaycontreras@bentley-berg.net,North Victor,22,Female,982.143.3952x753
CUST0404,Joann Glass,sandyjohnson@burns.info,Amybury,46,Male,(749)785-2491x4168
CUST0405,Madison Weber,jacquelineanderson@chen.com,East Woodville,40,Female,(013)477-8948x9634
CUST0406,Lori Hernandez,marybrown@gmail.com,South Elkmont,55,Male,6791766512
CUST0407,Jeremy Turner,nlarson@brown.biz,Hillford,37,Female,(150)014-1884
CUST0408,Anthony Romero,rnguyen@hotmail.com,North Victor,58,Female,(163)090-0159
CUST0409,Jesse Brown,mary30@thompson.biz,South Elkmont,45,Female,001-446-333-9994x8532
CUST0410,Angela Lin,angela73@williams.org,Hillford,62,Female,8953263890
CUST0411,Lisa Hunter,alexistucker@gmail.com,South Elkmont,34,Male,(199)471-1363
CUST0412,Julian Conner,saramann@eaton.info,Andersonberg,47,Female,792.234.1034
CUST0413,Joanna Pacheco,douglasnelson@jenkins-hurley.org,Hillford,72,Male,(996)733-1167x72696
CUST0414,Erica Alvarez,jennifersalazar@burton.com,South Elkmont,37,Female,8437685507
CUST0415,Antonio Garcia,grantjames@hotmail.com,North Victor,30,Male,967.935.2196x26335
CUST0416,Gwendolyn Klein,michelle88@marshall.com,Hillford,42,Female,(643)436-9709x317
CUST0417,Carrie Wright,leelaura@hotmail.com,Andersonberg,72,Male,001-069-556-0767x616
CUST0418,Jeffrey Mills,qthompson@gmail.com,Amybury,48,Female,534-547-2239x898
CUST0419,Jake Campbell,justin64@jensen-wu.info,North Victor,24,Female,065.031.2198
CUST0420,George Harper,yangsara@moore.info,Andersonberg,33,Male,4184724264
CUST0421,Maria Jones,jacobsonjennifer@riley.com,Andersonberg,42,Male,(364)281-3190
CUST0422,Michael Mitchell,nguyencorey@gutierrez.com,Hillford,54,Male,001-248-762-3039
CUST0423,Mary Escobar,bbrown@gmail.com,South Elkmont,40,Male,001-111-428-1785x228
CUST0424,Felicia Aguilar,xthompson@ellis.com,Amybury,54,Female,(305)248-0880
CUST0425,Gregory Ponce,matthewjohnson@hotmail.com,North Victor,36,Female,(220)722-3959x4737
CUST0426,Jenna Larson,derek77@jackson-cooper.com,North Victor,62,Female,(132)901-6204
CUST0427,Emily Bennett,belindatran@miller.info,South Elkmont,36,Male,876.886.8785x996
CUST0428,Robin Santiago,rhood@blair.com,Amybury,19,Male,001-486-287-2031x95419
CUST0429,Nancy Jennings,ryan39@mcintyre.biz,Hillford,71,Female,(664)505-7303x62792
CUST0430,Maria Henderson,esparzajessica@johnson.com,North Victor,60,Female,+1-463-203-7476x7753
CUST0431,Jack White,jallen@gmail.com,Amybury,43,Male,260.321.4505x766
CUST0432,Travis Tucker,davidphillips@hotmail.com,Hillford,35,Male,945-887-0715
CUST0433,Chad Jones,castillokevin@stevens.info,Hillford,18,Female,348-201-2840x08385
CUST0434,Ashley Wise,morgansullivan@yahoo.com,North Victor,54,Female,7659759545
CUST0435,Sophia Johnson,daltonchad@hotmail.com,South Elkmont,73,Female,8917768089
CUST0436,Ralph Anderson,phillipskaren@hotmail.com,East Woodville,61,Female,126.574.2231x96463
CUST0437,Christopher Guerra,olivermatthew@robertson.com,North Victor,67,Female,0402369362
CUST0438,Rhonda Martin,reyessteven@diaz.net,Andersonberg,65,Male,(894)301-2047x13727
CUST0439,Jason Rhodes,devonrogers@wilson.org,Andersonberg,21,Male,175-957-4988
CUST0440,Jeremy Mitchell,lukehurst@frazier.com,Hillford,56,Female,001-558-298-4933x0674
CUST0441,Joann Ferguson,hmason@yahoo.com,East Woodville,65,Female,847-609-4412x83337
CUST0442,Robert Harrison,zoliver@hotmail.com,North Victor,49,Male,(188)566-6954
CUST0443,Holly Valentine,patriciaellis@myers.com,Andersonberg,71,Male,329-715-0666
CUST0444,Mrs. Diane Reyes,martindaniel@crawford.net,Andersonberg,75,Female,(670)551-4377
CUST0445,Tracy Montoya,robert82@reed-wallace.com,North Victor,75,Male,(936)634-3925x2959
CUST0446,Brenda Wright,bryanwiggins@gmail.com,Amybury,36,Male,(111)102-8671x2007
CUST0447,Shelly Spencer,plane@hotmail.com,Hillford,67,Female,(024)559-1024
CUST0448,Ryan Rosales,swatkins@hotmail.com,North Victor,69,Female,109-109-0326x71494
CUST0449,Phillip Nelson,itorres@yahoo.com,Amybury,32,Female,+1-819-421-7942x817
CUST0450,Brittany Kim,jeremy54@hernandez.info,Hillford,56,Female,+1-340-652-7758x446
CUST0451,Courtney Hayes,jennifermitchell@franco.com,East Woodville,69,Male,(345)337-2201x09121
CUST0452,Alexander Brown,darylchaney@martinez.net,South Elkmont,40,Male,221.455.9376x618
CUST0453,Cynthia Vang,tiffany25@fernandez-martin.com,Hillford,32,Female,001-943-705-2635x1004
CUST0454,Alfred Galvan,sullivanvictor@gould.com,East Woodville,58,Male,(277)657-2565x9202
CUST0455,Marie Moody,deborah47@montes-webster.org,South Elkmont,30,Female,617-520-2389x743
CUST0456,Dustin Gallegos,hmorgan@mendoza.com,Andersonberg,57,Female,001-260-055-9550x1783
CUST0457,Brenda Thornton,moralesmary@yahoo.com,Andersonberg,34,Female,258.486.8999
CUST0458,Aaron Miller,nguyencathy@gmail.com,Andersonberg,61,Female,607.984.8704
CUST0459,Ruben Dunn,james18@rhodes-rosario.net,Hillford,66,Male,069-176-7993x59374
CUST0460,Kelsey Rodriguez,tracymorrison@hotmail.com,Amybury,64,Female,039-464-0830x3736
CUST0461,Eric Williams,raymond65@watson-mitchell.com,South Elkmont,67,Male,6014886084
CUST0462,Riley Bryant,fsawyer@gmail.com,Andersonberg,60,Male,001-907-938-8413x68528
CUST0463,Taylor Carlson,slara@gmail.com,North Victor,61,Female,+1-306-153-7012x4244
CUST0464,Jose Allen,ltaylor@hotmail.com,South Elkmont,71,Female,(263)251-4488x11210
CUST0465,Jeffrey Mendez,jaredwells@hatfield.biz,South Elkmont,26,Male,142.175.1887
CUST0466,Jason Beck,ortizrobin@thompson-murray.org,Amybury,58,Female,179.415.1526x38409
CUST0467,William Jones,jacobjames@henry.org,East Woodville,24,Female,001-112-252-8837x50566
CUST0468,Katie Mcneil,dhansen@gmail.com,Amybury,75,Female,863-239-7913
CUST0469,Jeanette Harrison,moorekevin@flowers.com,Andersonberg,58,Male,+1-787-655-3007x30950
CUST0470,Veronica King,traviswatts@gmail.com,North Victor,59,Male,+1-556-057-1219x88192
CUST0471,Richard Cooper,hubbardtrevor@george.org,North Victor,20,Male,788.519.0534x8640
CUST0472,Lori Ingram,ooneill@hotmail.com,Andersonberg,37,Female,042-462-4561
CUST0473,Evelyn Williams,brooksjessica@gmail.com,North Victor,68,Female,517.446.0045x21289
CUST0474,Robin Thompson,bonniethomas@yahoo.com,Amybury,46,Female,+1-151-145-5129x391
CUST0475,Julie Dominguez,frank45@fields-friedman.com,Hillford,20,Female,044.881.8984
CUST0476,Robin Brown,alyssa18@gmail.com,Amybury,55,Male,+1-416-046-1540
CUST0477,Judith Carter,georgegary@brennan-serrano.com,Hillford,41,Male,(119)017-0756
CUST0478,Curtis Williams,cody95@gmail.com,Andersonberg,64,Female,+1-142-983-1522
CUST0479,Kaylee Hays,aprilwatson@jenkins-mccall.com,North Victor,26,Male,+1-910-732-2836x0849
CUST0480,Dawn Mullins,ericwalker@pope.org,South Elkmont,23,Male,001-378-306-3963x8452
CUST0481,Howard Norman,estevens@fuentes.info,East Woodville,36,Male,(969)443-9164x9701
CUST0482,Evelyn Martinez,hannah27@hotmail.com,South Elkmont,38,Male,(934)292-9132x0330
CUST0483,Steve Paul,jenniferjohnson@gmail.com,Hillford,65,Female,001-162-341-9031x0615
CUST0484,Jasmine Beltran,melissathomas@parker.com,Amybury,44,Female,722.155.6684
CUST0485,Jonathan Glass MD,yvazquez@jones.biz,Amybury,29,Female,323.653.3774x604
CUST0486,Monica Miller,danielmcguire@watkins.com,Amybury,30,Male,6720078436
CUST0487,Samantha Gardner,elizabeth11@harris.com,Amybury,26,Male,424-426-0781
CUST0488,Bobby Guerrero,thomasjulie@rush-bailey.com,East Woodville,68,Female,001-754-373-4764
CUST0489,Lance Simmons,garciabelinda@rice.com,Andersonberg,52,Female,(737)203-7638
CUST0490,Heather Williams,rachelmedina@hotmail.com,Amybury,74,Male,214.584.1484x60191
CUST0491,Heather Bolton,samanthayork@richardson-lawrence.info,Hillford,41,Female,443.899.8278
CUST0492,William Gould,maryzavala@lewis-perez.com,North Victor,51,Female,2058695073
CUST0493,Mark Cox,owensapril@yahoo.com,East Woodville,50,Female,(146)449-3699
CUST0494,Meghan Cisneros,angela01@yahoo.com,Hillford,35,Female,001-516-793-3505
CUST0495,Lawrence Harrington,cruzstephen@hotmail.com,Hillford,71,Female,(738)573-6801x192
CUST0496,Austin Osborne,aperez@yahoo.com,Amybury,28,Female,603.768.1187
CUST0497,James Bradley,melissajacobson@yahoo.com,North Victor,34,Male,001-233-351-0409x614
CUST0498,Meghan Rush,alexandercraig@hotmail.com,Amybury,70,Female,+1-973-153-9114x9830
CUST0499,Phillip Berry,qkim@miller.org,Hillford,48,Female,482.073.6511x8939
CUST0500,Jennifer Banks,calvinhester@gonzalez-anthony.biz,Andersonberg,69,Male,065-578-2019x043
CUST0501,Brian Fitzgerald,maryhardy@hubbard-miranda.org,East Woodville,36,Female,(230)233-3247
CUST0502,Mr. Justin Green III,qkelly@hotmail.com,Andersonberg,65,Female,7392013546
CUST0503,Zachary Mitchell,jdixon@yahoo.com,East Woodville,73,Male,(127)602-5082
CUST0504,Katherine Martinez,kingtyler@dunlap.com,Amybury,39,Female,+1-611-231-2616x32488
CUST0505,Jodi Roach,stantonpatrick@hotmail.com,Amybury,69,Female,+1-899-572-9893x76297
CUST0506,Brandon Fleming,kevinhanson@gmail.com,East Woodville,25,Male,549-303-6468x719
CUST0507,Emma Reed,qharris@yahoo.com,North Victor,47,Male,203-818-7692
CUST0508,Joshua Vance,amy88@gmail.com,North Victor,22,Female,8283230898
CUST0509,Michelle Ho,hbeard@cole-farrell.info,Amybury,27,Male,388-158-8144
CUST0510,Rebecca Hicks,johnsonangela@yahoo.com,Amybury,66,Female,822-067-3231x82971
CUST0511,Curtis Taylor,tjordan@price.info,Andersonberg,32,Male,(815)724-5000x00015
CUST0512,Allison Spencer,khart@hotmail.com,Hillford,73,Male,(911)371-7850
CUST0513,Robert Arnold,lbaker@jensen-gomez.com,Amybury,61,Male,+1-902-556-1844x4218
CUST0514,Angelica Parker,johnsonbrandon@yahoo.com,East Woodville,64,Male,(998)747-8122
CUST0515,Dr. Kelly Hammond DVM,hubbardcolleen@yahoo.com,North Victor,61,Male,001-489-056-7086x70090
CUST0516,William Day,wreed@bell-stanley.com,North Victor,43,Male,4365515848
CUST0517,Michael Cooper,brittany14@morgan.net,Andersonberg,72,Female,(669)136-2483
CUST0518,Penny Bowman,murraymichelle@hotmail.com,North Victor,69,Female,505-429-6080x70633
CUST0519,Vincent Reynolds,andrew79@gmail.com,North Victor,53,Female,(998)795-0982x21040
CUST0520,Amy Martinez,uhudson@hotmail.com,Hillford,41,Male,648-188-0442
CUST0521,Christopher Morris,rgarcia@rogers.com,South Elkmont,23,Female,+1-773-836-3816
CUST0522,Hannah Everett,michael63@reid-dickson.com,East Woodville,68,Male,321-269-4289x464
CUST0523,Sarah King,joseph49@ballard-weber.com,Hillford,43,Female,(036)258-6314
CUST0524,Krista Martinez,joshua98@simmons-reed.com,South Elkmont,18,Female,001-417-064-6255x40263
CUST0525,Joseph Shaw,ryan85@gmail.com,North Victor,34,Male,001-558-243-0176x4644
CUST0526,Todd Moore,gking@yahoo.com,Andersonberg,52,Male,988.031.5388x82452
CUST0527,Michelle Jacobs,burtonzachary@ray.info,Andersonberg,25,Male,905.040.4333x353
CUST0528,Kristy Bryan,umichael@hotmail.com,North Victor,47,Female,495.163.2111x97871
CUST0529,Angel May,michaelhernandez@francis.biz,Amybury,41,Female,+1-093-391-3732
CUST0530,Marilyn Wang,michelle13@yahoo.com,South Elkmont,61,Female,(530)601-1987x5617
CUST0531,Mark Jimenez,debbie49@gmail.com,North Victor,65,Female,688.002.3009x15618
CUST0532,Donna Frye,daniellee@gmail.com,Andersonberg,61,Male,(980)365-7744
CUST0533,Dr. Michael Evans,bwashington@yahoo.com,Andersonberg,34,Female,+1-160-936-5952x014
CUST0534,Anthony Gonzales,eriktaylor@clarke-ramirez.net,South Elkmont,55,Female,+1-118-941-8433x687
CUST0535,Mr. Lawrence Edwards,stuarttodd@brown.com,East Woodville,42,Female,092-632-2399x82137
CUST0536,Morgan Valencia,lesterrichard@yahoo.com,North Victor,70,Female,556-114-0428x860
CUST0537,Bianca Wood,uhahn@young.net,Hillford,58,Female,(053)766-6081x126
CUST0538,Emma Owens,tyler13@martinez.org,North Victor,41,Male,001-003-083-5669x10627
CUST0539,David Davis,selenarobinson@gmail.com,East Woodville,24,Male,531-234-5506
CUST0540,James Gilbert,taragonzales@roy-brown.net,South Elkmont,61,Female,826.917.7682x93844
CUST0541,Sean Moore,stewartrodney@hotmail.com,South Elkmont,32,Female,001-013-480-8735x4378
CUST0542,Kenneth Edwards,natasha25@baldwin-underwood.com,Andersonberg,48,Male,001-826-033-5910x1570
CUST0543,Kathleen Robertson,vazquezkristina@king.com,East Woodville,19,Female,+1-085-991-4492x074
CUST0544,Mr. Alexander Landry MD,nicholsjoel@yahoo.com,South Elkmont,57,Female,001-269-996-9964
CUST0545,Cindy Gomez,browningphillip@yahoo.com,Amybury,74,Male,+1-997-184-2859
CUST0546,Johnny Khan,mayerkatherine@yahoo.com,North Victor,53,Female,(932)591-4084x9932
CUST0547,Julie Herrera,ruthwelch@sullivan.info,Andersonberg,38,Female,123.426.6980
CUST0548,Jessica Khan,vhouse@hotmail.com,Hillford,57,Female,(908)726-1760x72348
CUST0549,Pamela Diaz,hollowayholly@hotmail.com,East Woodville,32,Female,001-389-359-5382x8040
CUST0550,Kelly Lee,robert85@neal-gill.com,Andersonberg,59,Female,(612)996-5082x695
CUST0551,Angel Gordon,aarongonzalez@yahoo.com,South Elkmont,22,Female,+1-264-186-9656
CUST0552,Diana Hays,rodriguezjohn@hotmail.com,South Elkmont,58,Male,+1-130-876-1238x5951
CUST0553,Barbara Hester,usparks@mendoza-moss.com,Hillford,70,Female,346-823-9484x002
CUST0554,Robert Morgan,lauren31@richardson-long.biz,Hillford,47,Female,300.869.6610x1683
CUST0555,Nicole Gonzalez,vaughansandra@salazar.info,Hillford,62,Female,139-500-1680
CUST0556,Kathryn Williams,jacqueline20@williamson-burke.com,Hillford,37,Male,+1-414-915-0762x839
CUST0557,Gary Wells,george91@higgins.info,Hillford,59,Female,620.534.4077x794
CUST0558,Larry Robertson,walkerjames@yahoo.com,Amybury,44,Male,(207)266-2925x0817
CUST0559,Louis Martin,breyes@gmail.com,North Victor,25,Female,001-760-299-1406x8841
CUST0560,Nancy Evans MD,jessica36@ortiz.com,East Woodville,26,Male,337.312.5523
CUST0561,Kim Erickson,joe73@yahoo.com,Andersonberg,20,Female,(617)817-0321x192
CUST0562,Robert Richardson,smithdean@yahoo.com,Hillford,20,Female,6136385277
CUST0563,Veronica Silva,jennifererickson@hotmail.com,North Victor,37,Female,+1-956-133-7184
CUST0564,Molly Watts,davisbrian@yahoo.com,South Elkmont,49,Female,490-295-0264x8016
CUST0565,John Coffey,modonnell@coffey.com,North Victor,25,Male,403-734-1678x127
CUST0566,Paula Lane,william64@lambert-anderson.net,Hillford,24,Male,001-782-210-2179x8213
CUST0567,Lauren Jackson,jorgegordon@humphrey-anderson.com,Andersonberg,33,Female,862-985-7973x638
CUST0568,Lisa Randall,jorgeedwards@gmail.com,Hillford,74,Female,182.856.0539
CUST0569,Michael Johnson,julie64@yahoo.com,North Victor,52,Male,001-707-986-6177x06736
CUST0570,Ashley Smith,ryan25@hotmail.com,South Elkmont,26,Male,205.068.2122x35521
CUST0571,Christian Vaughn,angelalivingston@hotmail.com,North Victor,42,Male,(505)871-4692x1821
CUST0572,Reginald Knapp,lopezbrian@gmail.com,Hillford,47,Male,001-259-679-0898
CUST0573,Nancy Brown,tgreen@graham-carney.info,East Woodville,41,Male,001-436-998-4802x20509
CUST0574,Daniel Nguyen,tkelly@washington.com,North Victor,60,Male,001-386-948-4249x598
CUST0575,Kelly Edwards,clayton42@brady.org,East Woodville,65,Male,+1-114-578-8707
CUST0576,Thomas Peterson,foxashley@knapp-sanchez.info,Hillford,62,Male,523-867-6738
CUST0577,Raymond Le,anthony16@garza-bean.com,North Victor,52,Male,001-209-746-1917x79876
CUST0578,Melissa Bishop,millermariah@castillo.com,South Elkmont,44,Female,+1-299-687-2258
CUST0579,David Grant,douglasstephanie@yahoo.com,Amybury,55,Female,001-370-858-0623
CUST0580,William Evans,michellesolis@morris-brown.com,Amybury,65,Female,(040)566-9579x001
CUST0581,Daniel Bush,rossgregory@yahoo.com,East Woodville,64,Male,(482)554-4286
CUST0582,Gregory Peck,phelpsfrank@mitchell-goodwin.com,Hillford,27,Male,963.259.4232x894
CUST0583,Denise Martinez,travis64@munoz.com,East Woodville,74,Male,(338)915-6241x5285
CUST0584,Jamie Baird,ygriffin@adams-burke.com,Hillford,44,Male,001-725-629-2693x3589
CUST0585,Tina Ballard,christina66@gmail.com,Hillford,59,Female,+1-513-818-6550x78468
CUST0586,Dwayne Klein,teresa32@rose-holland.com,Amybury,24,Female,095-744-3034x91891
CUST0587,Jeremy Scott,zkim@yahoo.com,South Elkmont,71,Female,797-203-8593
CUST0588,Dale Ryan,traceysutton@yahoo.com,South Elkmont,49,Male,015-364-1547x155
CUST0589,Melissa Taylor,dphillips@jones.biz,North Victor,57,Female,132.593.6781
CUST0590,Laurie Sanchez,marshalljennifer@yahoo.com,East Woodville,44,Female,675.009.4214
CUST0591,Kiara Little,brenda80@gmail.com,South Elkmont,35,Female,001-105-276-9819x87809
CUST0592,Jason Love,kristicameron@gmail.com,Andersonberg,20,Male,001-270-452-3888x5622
CUST0593,Randy Smith,tmcdowell@matthews-gibson.info,North Victor,62,Male,866-059-8678x74422
CUST0594,Tanya Russell,tammy23@gmail.com,North Victor,41,Male,585.485.9655x9428
CUST0595,Sherry Woods,monica16@smith.info,Amybury,31,Male,(491)165-0200
CUST0596,Victor Morris,vmelton@hotmail.com,East Woodville,46,Male,2453931321
CUST0597,Susan Davis,christine95@hotmail.com,South Elkmont,46,Female,513-055-7083x68214
CUST0598,Kimberly Sharp,christopher20@gmail.com,South Elkmont,33,Male,488-966-9972x7367
CUST0599,Susan Thompson,hortonjacob@clark.com,Hillford,72,Male,+1-746-202-5825x4318
CUST0600,Casey Gillespie,ywilkinson@lee.info,North Victor,41,Female,281.231.2392
CUST0601,Jennifer Simpson DVM,wilsonrachel@hotmail.com,East Woodville,24,Female,+1-049-106-0183x6472
CUST0602,Tammy Mcdowell,cruiz@hotmail.com,East Woodville,61,Male,875.082.7681
CUST0603,Keith Rodriguez,kennethgallegos@williams-smith.biz,East Woodville,41,Female,+1-722-577-5458x47262
CUST0604,Mrs. Virginia Daniels,mmclaughlin@hotmail.com,Hillford,52,Male,001-052-918-7683
CUST0605,Todd Rosales MD,freemantodd@hotmail.com,Amybury,75,Male,001-160-827-1721x7337
CUST0606,Brian Martin,jenniferrice@yahoo.com,South Elkmont,59,Female,001-399-205-2229x993
CUST0607,David Lopez,adamsdeborah@yahoo.com,East Woodville,40,Male,001-621-659-1438x8232
CUST0608,Rachel Bradley,pdean@west-graham.com,Hillford,21,Female,539-835-8446x17773
CUST0609,Casey Chase,taylorkim@hotmail.com,Amybury,43,Female,(643)095-4497
CUST0610,Samantha Robertson,sandra72@sharp-myers.biz,Hillford,35,Female,+1-127-997-0292x712
CUST0611,Michael Lopez,kmarsh@hotmail.com,Andersonberg,30,Female,5397871375
CUST0612,Franklin Wright,hannah17@thompson.org,North Victor,25,Male,(988)322-0125
CUST0613,David Molina,leonsherry@yahoo.com,South Elkmont,72,Female,(083)200-4879x7888
CUST0614,Elizabeth Sharp,jasonwilliams@gmail.com,Hillford,70,Female,001-753-585-2386
CUST0615,Matthew Schwartz,michael22@hotmail.com,Hillford,47,Male,0304436199
CUST0616,Bryan Parker,morgandaniel@martinez.info,South Elkmont,23,Male,171-523-9102x92950
CUST0617,Jonathan Jacobson,kristen08@yahoo.com,North Victor,60,Female,437-483-0930
CUST0618,Emily Wilson,mccarthysara@lloyd-estes.com,Andersonberg,31,Male,001-671-397-1912
CUST0619,Elizabeth Mendez,colonbobby@jackson.com,Amybury,59,Female,(022)132-1767x2019
CUST0620,Casey Hernandez,jessicaerickson@hotmail.com,Hillford,58,Female,001-111-661-2201x90725
CUST0621,Lisa Perry,mooremichael@gmail.com,North Victor,56,Male,+1-873-393-0493x66538
CUST0622,Kaitlin Medina,scottperry@sanchez.com,Amybury,19,Male,2748124211
CUST0623,Colleen Wright,christopherwatson@yahoo.com,Amybury,21,Female,086-825-0952x2946
CUST0624,Shelley Miller,edwardmolina@yahoo.com,Amybury,68,Female,(093)556-1039
CUST0625,Michael Miller,lauriegutierrez@villanueva-crane.net,Andersonberg,39,Male,+1-529-701-3712x436
CUST0626,Amy Kelley,ramoskayla@hotmail.com,Andersonberg,33,Male,(858)564-2304x120
CUST0627,Laura Hernandez,morganrichard@hamilton.com,Amybury,26,Female,(706)159-2738
CUST0628,Joseph Wilson,levinetina@liu.net,East Woodville,68,Female,402.990.7166x9063
CUST0629,Kevin Davis,regina04@hotmail.com,South Elkmont,54,Female,(248)155-4203
CUST0630,Rhonda Chavez,ngriffin@weber.com,Andersonberg,31,Male,001-403-010-9567x975
CUST0631,Joyce Brown,nicolemiller@hotmail.com,East Woodville,22,Female,(491)579-5546x23471
CUST0632,Robert Cummings,vhardy@gmail.com,East Woodville,71,Male,(476)010-8018
CUST0633,Robert Reese,christopherarnold@hotmail.com,Hillford,66,Male,030-683-1764
CUST0634,Amber Cooper,andrewzamora@hotmail.com,South Elkmont,53,Male,001-172-680-8081x57129
CUST0635,Zachary Michael,marilyntorres@yahoo.com,Amybury,31,Female,1507138067
CUST0636,Timothy Johnson,skinnerjordan@gomez.com,Hillford,55,Female,307-351-0458
CUST0637,Randy Cannon,ashley07@yahoo.com,Hillford,31,Male,743-621-3009x625
CUST0638,Maria Fisher,michaelmitchell@armstrong.com,East Woodville,70,Male,+1-857-669-4703
CUST0639,Janet Kane DVM,zachary35@garcia-dawson.biz,East Woodville,73,Female,805-339-6274
CUST0640,Michael Stanley,brownpamela@lewis-miller.net,East Woodville,32,Female,(662)159-1832x70004
CUST0641,Martha Bailey,lwiggins@yahoo.com,Amybury,39,Male,(661)459-0110x7977
CUST0642,Joshua Rice,fbarker@hotmail.com,Amybury,67,Female,400-493-8819
CUST0643,Courtney Smith,drewmartinez@hotmail.com,Hillford,27,Female,001-490-531-5204x99809
CUST0644,Edwin Nunez,tammypalmer@hotmail.com,Hillford,68,Female,976-987-3137x9716
CUST0645,Kim Morrow,stanleyjohnson@raymond.com,Andersonberg,75,Female,(984)166-1237x4077
CUST0646,Gregory Hill,martinezashley@gmail.com,Andersonberg,56,Male,001-433-256-2389
CUST0647,Molly Rodriguez,watsonvickie@carter-johnson.com,East Woodville,18,Female,+1-499-197-0142x620
CUST0648,Jennifer Miranda,twilliams@lewis-fuentes.info,Amybury,35,Female,708.782.1160
CUST0649,Alexis Harris,kelleycarlos@butler.com,Amybury,72,Male,(041)813-5998
CUST0650,Andrew Harper,kimberly79@gmail.com,Hillford,27,Male,+1-897-211-7088x948
CUST0651,Amber Yang,qgill@hernandez-luna.com,South Elkmont,26,Male,1864482217
CUST0652,David Robinson,zhall@yahoo.com,East Woodville,52,Female,(883)978-5708x200
CUST0653,Amy Gordon,pfitzgerald@cline.com,Andersonberg,34,Female,806-757-1236x914
CUST0654,Robert Dennis,schneiderchristopher@hotmail.com,South Elkmont,69,Male,+1-611-287-9429x688
CUST0655,Kyle Chambers,karenshaw@martinez.com,Amybury,29,Female,(769)704-0953
CUST0656,Eric Thomas,kristin39@miller-ferguson.com,Andersonberg,25,Female,001-141-961-5607x832
CUST0657,Connie Turner,henrysarah@yahoo.com,East Woodville,60,Male,488.356.5179x6240
CUST0658,Travis Hobbs,robertheath@yahoo.com,Amybury,73,Female,+1-649-668-3496x047
CUST0659,Lori Simmons,christopher18@gmail.com,East Woodville,19,Female,421.702.8516x22593
CUST0660,William David DDS,iantate@gmail.com,Hillford,26,Male,+1-648-820-8934x8688
CUST0661,Emma Butler,dgregory@hotmail.com,South Elkmont,18,Male,906.246.7287
CUST0662,James Webster,anthonybrown@yahoo.com,South Elkmont,40,Male,+1-916-091-1413x193
CUST0663,Samuel Turner,douglas54@david-lam.com,South Elkmont,68,Female,(923)613-3760x523
CUST0664,Renee Melendez,karenwillis@romero-gordon.com,North Victor,68,Male,4588165025
CUST0665,Tracy Grant,floresangela@gmail.com,East Woodville,33,Female,472-419-1650x344
CUST0666,David Harris,russelljesus@gmail.com,South Elkmont,55,Female,9661771824
CUST0667,Tammy Boone,sanchezangela@gmail.com,Hillford,38,Female,+1-898-088-0678x214
CUST0668,Nathaniel Lee,ogriffin@hotmail.com,South Elkmont,19,Female,746-813-5926
CUST0669,Michael Morrison,nathanielgalloway@medina.net,East Woodville,29,Male,+1-648-698-9396x9874
CUST0670,Chelsea Gill,smithsteven@hotmail.com,South Elkmont,34,Male,694.155.9450x11929
CUST0671,Kristin Mendoza,aaronmahoney@yahoo.com,East Woodville,21,Male,+1-207-536-0511x71603
CUST0672,Felicia Krueger,mary65@hotmail.com,Amybury,26,Female,+1-886-365-3621x894
CUST0673,Timothy Hayden,brandon89@turner.com,Hillford,65,Female,590-670-0099x42489
CUST0674,Zachary Mendoza,natalie39@bernard.com,East Woodville,44,Male,204-664-8966x760
CUST0675,Larry Harris,qnelson@yahoo.com,East Woodville,51,Male,642-045-6577x58097
CUST0676,Kristen Rowe,stevegreene@gmail.com,North Victor,25,Male,533-890-6235x4662
CUST0677,Joseph Howard,lynchadam@chambers.net,Amybury,65,Male,+1-265-401-6599x5300
CUST0678,Jose Crawford,ymedina@hotmail.com,Hillford,22,Male,001-622-122-4276x774
CUST0679,William Harrison,staffordlisa@chambers-gomez.biz,North Victor,48,Male,(259)160-1124x1158
CUST0680,Suzanne Wood,xthompson@hotmail.com,South Elkmont,46,Female,886-008-0179x867
CUST0681,Justin Walker,fordsharon@smith-paul.com,East Woodville,67,Female,001-782-312-9957x047
CUST0682,Dean Donovan,christopheraustin@yahoo.com,Hillford,41,Male,(642)612-1203
CUST0683,Jennifer Hernandez,tinacoffey@campbell.org,Amybury,50,Male,437.536.5968x07852
CUST0684,James Whitaker,gonzalezlori@rodriguez-ramirez.net,North Victor,55,Female,(482)421-8385x454
CUST0685,Mr. Michael Scott PhD,andreakeller@hotmail.com,East Woodville,24,Male,0644547523
CUST0686,Maria Henry,chapmanjulie@green.com,Andersonberg,46,Female,123-274-8979
CUST0687,Robert Jackson,melaniejohnson@hotmail.com,Hillford,50,Male,001-177-633-4272x0388
CUST0688,Katherine Stark,bsmith@hotmail.com,North Victor,32,Female,(217)508-0196x3045
CUST0689,Maria Brown,ryan64@frazier.info,Amybury,57,Male,001-306-935-8824x935
CUST0690,Ryan Landry,stephensonjeffrey@yahoo.com,North Victor,20,Female,400.181.6778
CUST0691,Pamela Gutierrez,zstewart@gmail.com,North Victor,64,Female,816-524-4454x4608
CUST0692,Crystal Mann,beardlindsey@hotmail.com,North Victor,68,Male,851.799.3781
CUST0693,Jonathan Brooks,prosario@martin.com,South Elkmont,73,Female,5391287884
CUST0694,Mary Jensen,castillolindsey@robles.com,Andersonberg,60,Female,+1-699-969-8829
CUST0695,Mr. Aaron Arnold,vallen@underwood.com,Amybury,51,Male,4579271472
CUST0696,Joseph Hill,oduran@riley-miller.com,Amybury,37,Female,630-198-6424x238
CUST0697,Alicia Li,sedwards@patton.info,Amybury,47,Female,+1-397-283-3912x1870
CUST0698,Renee Browning,cheryl61@byrd.com,East Woodville,59,Male,(293)288-0983x2210
CUST0699,Brent Hernandez,nmorales@yahoo.com,Hillford,19,Male,023-200-1867
CUST0700,Joseph Ochoa,chavezsteven@hobbs-harvey.com,Amybury,21,Male,(610)089-8761x08143
CUST0701,James Watson,lholmes@rodriguez.org,Hillford,48,Male,(614)038-4531x980
CUST0702,Karl Branch,rebeccamartinez@scott.info,Amybury,72,Female,468.235.4695x1003
CUST0703,Michael Abbott,devinwilliams@collins.net,Andersonberg,43,Female,001-076-205-4596x7150
CUST0704,Shannon Malone,brandy82@gmail.com,East Woodville,45,Male,001-066-664-1106x541
CUST0705,James Tran,carrie45@gmail.com,East Woodville,61,Male,001-134-078-5169x949
CUST0706,Adam Jackson,younglori@trevino.com,North Victor,24,Male,089.058.3668x3482
CUST0707,Mr. Richard Knight PhD,petersonelizabeth@holt.org,South Elkmont,49,Female,(899)962-6970x8386
CUST0708,Joseph Williams,robert21@yahoo.com,East Woodville,63,Male,+1-889-178-7915
CUST0709,Sean Clay,arobinson@walker.com,East Woodville,46,Female,5962571976
CUST0710,Anthony Jones,lindsay63@yahoo.com,Andersonberg,22,Female,9320126578
CUST0711,Stephanie Elliott,coxcharles@spencer.com,Amybury,75,Male,001-826-041-8095
CUST0712,Timothy Edwards,crystaldurham@yahoo.com,East Woodville,23,Male,(175)585-1777
CUST0713,Laurie Goodwin,gonzalezjustin@mcclure.com,East Woodville,38,Female,127-469-2118x8241
CUST0714,Jennifer Jones,gregorysmith@yahoo.com,South Elkmont,56,Female,+1-962-642-2297x589
CUST0715,David Davenport,deckerderrick@cobb.com,Hillford,27,Female,704-542-1854
CUST0716,Steven Rivera,mikewatson@gmail.com,Andersonberg,22,Female,(705)682-0922x570
CUST0717,Brenda Hinton,wilsonnicole@gmail.com,South Elkmont,26,Female,001-900-163-5640x723
CUST0718,Kathryn Mccann,amandabenson@greene-rowland.com,East Woodville,35,Female,(472)828-9540
CUST0719,Jeffrey Roberson,melissaphillips@murphy.com,East Woodville,57,Male,1788224731
CUST0720,Randy Friedman,fclark@gibbs-mendez.com,Andersonberg,58,Male,(616)850-7105
CUST0721,Raymond Johnson,victor72@yahoo.com,North Victor,55,Female,+1-011-950-9271
CUST0722,Willie Henry,fbaldwin@yahoo.com,North Victor,53,Male,+1-152-610-5370x92300
CUST0723,Todd Reynolds,ylittle@hotmail.com,East Woodville,63,Male,169.500.7418x948
CUST0724,Mary Miller,jeffreyharris@foster.biz,East Woodville,38,Female,001-543-298-7698x936
CUST0725,Rebecca Marquez,selenabrooks@hotmail.com,South Elkmont,42,Male,(294)471-6198x273
CUST0726,Christian Dawson,karenphillips@bell.org,Hillford,56,Male,813-104-5025x8963
CUST0727,Nancy Stewart,bhayes@yahoo.com,Hillford,51,Male,+1-217-435-7483x52680
CUST0728,Aaron Parker,ystewart@gmail.com,South Elkmont,36,Male,(486)067-3983x4488
CUST0729,Derrick Anderson,phall@howard.com,South Elkmont,47,Female,842.536.4628
CUST0730,Jerry Peters,sara11@ward.com,Amybury,50,Female,5507740657
CUST0731,Alexander Gomez,emilywright@hotmail.com,East Woodville,56,Female,+1-551-562-3920x908
CUST0732,Kyle Nguyen,janicebolton@hotmail.com,Amybury,45,Female,510-740-9131x11786
CUST0733,Edgar Hughes,carrillojuan@yahoo.com,North Victor,24,Male,902-547-6022
CUST0734,Steven Stein,wunderwood@hotmail.com,East Woodville,68,Male,+1-069-535-4120x1227
CUST0735,Laura Jackson,wvaldez@grimes.com,East Woodville,62,Female,950-026-0151x53259
CUST0736,Charles Turner,lhall@todd.com,Andersonberg,25,Female,795-074-0717x327
CUST0737,Arthur Hamilton MD,roymcmahon@yahoo.com,East Woodville,72,Male,+1-805-950-3100x649
CUST0738,Mr. David Wright,jcole@brooks.com,North Victor,59,Female,403.910.4520
CUST0739,Linda Gonzalez,porterdonna@yahoo.com,Hillford,59,Male,608.941.1849
CUST0740,Eric Rush,robertjennings@yahoo.com,Hillford,74,Male,359-928-5535
CUST0741,Manuel Brock,brenda90@gmail.com,East Woodville,67,Male,+1-952-056-1006x79900
CUST0742,George Ochoa,ashley99@camacho.biz,Hillford,53,Female,(968)018-6774x0378
CUST0743,Valerie Taylor,glopez@hudson-hayes.com,Amybury,64,Male,233-944-9530x067
CUST0744,Travis Harris,damontran@serrano.info,East Woodville,73,Male,625.503.2501x736
CUST0745,Vincent Novak,jamespruitt@campbell-hall.net,Amybury,31,Male,426-241-7842x90292
CUST0746,Michael Henry,hbrown@jackson.biz,South Elkmont,45,Male,345.110.0906
CUST0747,Dana Bennett,andersonrobert@jones.com,South Elkmont,46,Male,+1-053-088-6843x02116
CUST0748,Jenna Wilson,ryan72@andrews.info,Andersonberg,74,Male,(732)904-5759x8875
CUST0749,Leslie Gardner,adrianthomas@gmail.com,East Woodville,32,Female,001-212-996-4260
CUST0750,Krista Benton,aliciakent@yahoo.com,South Elkmont,44,Male,362.027.5582
CUST0751,Michael Gonzales,vjohnston@gmail.com,South Elkmont,39,Male,477-092-0711
CUST0752,Michael Fuentes,treed@yahoo.com,Hillford,70,Male,(238)023-6219x215
CUST0753,Jennifer Porter,robertwhite@hotmail.com,Andersonberg,47,Female,189.705.9161x18638
CUST0754,Dana Hopkins,qcruz@gmail.com,Andersonberg,43,Female,(588)195-9772x168
CUST0755,Rachel Jones,chale@mcclure.com,Hillford,44,Male,005.378.9318x69289
CUST0756,Karen Morales DDS,wolfejennifer@gmail.com,East Woodville,64,Male,284.540.1822x7200
CUST0757,Melissa Stephens,jriddle@gmail.com,Amybury,24,Male,(839)482-3220
CUST0758,Heather Woodard,camposwilliam@yahoo.com,East Woodville,38,Male,144-743-2811x659
CUST0759,Margaret Miller,nmartin@hotmail.com,Amybury,45,Female,+1-302-020-3042x322
CUST0760,Mary Kelly,ojohnson@lowe.biz,Andersonberg,38,Male,001-775-213-5302x816
CUST0761,Amanda Terrell,qjohnson@fletcher.com,North Victor,60,Female,064-630-0593x77756
CUST0762,Jennifer Goodwin,fmurray@hotmail.com,East Woodville,34,Female,001-198-321-0291
CUST0763,Jessica Smith,rtaylor@jackson.org,North Victor,41,Male,(174)690-2983x10438
CUST0764,Jorge Stone,kellynichols@jackson-powers.com,Amybury,27,Female,196-622-9131x670
CUST0765,Laura Griffin,scottthompson@hotmail.com,East Woodville,61,Male,056.856.6706x36219
CUST0766,Raymond Chapman,scottwilliams@cain.com,North Victor,48,Male,655.049.4440x76634
CUST0767,Haley Johnson,scott90@gmail.com,North Victor,22,Female,+1-339-650-4962x732
CUST0768,Jason Nixon,sarahbrooks@gmail.com,East Woodville,23,Female,(626)114-2436
CUST0769,Todd Thomas,smithanthony@rogers.com,North Victor,71,Female,+1-258-542-1880x87991
CUST0770,Jesse Clark,roblesmaria@ramsey.biz,East Woodville,23,Male,001-962-341-9964x3385
CUST0771,Mr. Jeffrey Horton,marcus39@villa.biz,North Victor,23,Male,247.250.5833
CUST0772,Eric Patrick,jasonkelly@smith.com,Andersonberg,45,Female,430.311.5876
CUST0773,Samuel Wong,olewis@barrett.org,East Woodville,24,Female,5457694757
CUST0774,Carly Riggs,jonesjeffery@yahoo.com,Andersonberg,65,Male,(945)353-6597x4669
CUST0775,Christopher Moore,marquezkylie@hotmail.com,Hillford,65,Female,001-861-634-2125x45080
CUST0776,Tina Hall,susan95@horton.com,South Elkmont,41,Female,001-594-815-2692
CUST0777,Cody Davidson,cynthiahenson@yahoo.com,Andersonberg,69,Female,596-647-2130x74235
CUST0778,Allen Mendez,rogerscharlotte@hotmail.com,North Victor,26,Female,001-914-261-4048x93326
CUST0779,Kevin Price,vdixon@gmail.com,Amybury,53,Female,454-307-9637
CUST0780,Christine Goodwin,andrewblake@parker.biz,Hillford,21,Male,100.817.8522
CUST0781,Amy Garcia,brownnicholas@harris-bennett.com,Andersonberg,55,Female,158-718-4523
CUST0782,Chelsea Nguyen,vstevenson@ramirez.com,Hillford,53,Female,(426)874-4701x732
CUST0783,Dennis Huffman,karen35@yahoo.com,Andersonberg,53,Male,+1-086-523-7772x9665
CUST0784,Margaret Harper,amberknox@mcneil.com,Andersonberg,39,Female,(337)014-0052x78105
CUST0785,Laurie Bailey,isaiah01@yahoo.com,Amybury,60,Male,800-027-2214x25731
CUST0786,Lisa Cervantes,brettbraun@martinez.org,Amybury,25,Male,(094)391-3681x72031
CUST0787,Elizabeth Mendez,williamsimmons@collins-griffith.com,Andersonberg,44,Female,695.528.6209
CUST0788,Cesar Wilson,catherineturner@hotmail.com,South Elkmont,40,Male,+1-297-352-5953x3222
CUST0789,Clayton Steele,josephharrington@gmail.com,Amybury,73,Female,+1-739-389-9204x5735
CUST0790,Jennifer Taylor,egray@yahoo.com,Amybury,60,Male,236.618.5076
CUST0791,Cody Reid,ywolf@yahoo.com,Amybury,66,Female,087-082-6971
CUST0792,Maria Cooke,fsimmons@larson-hernandez.com,East Woodville,45,Female,001-823-601-0712x61583
CUST0793,Katherine Taylor,dford@yahoo.com,Hillford,73,Male,+1-821-764-8467
CUST0794,Jerry Brown,ijones@hotmail.com,Andersonberg,64,Female,574.223.3222
CUST0795,Adam Taylor,ericlopez@gmail.com,South Elkmont,21,Male,001-801-944-2589x222
CUST0796,Tracey Wagner,asullivan@yahoo.com,Amybury,36,Female,001-560-629-5350x6373
CUST0797,Michael Perry PhD,pburns@hotmail.com,East Woodville,56,Male,180-467-4130
CUST0798,Bradley Johnson DDS,hdyer@frederick-martin.biz,Hillford,37,Female,538.418.5201x3626
CUST0799,Donald Medina,william75@hotmail.com,North Victor,40,Male,+1-084-639-7561x54705
CUST0800,Jim Newton,vhouse@allen.com,North Victor,24,Female,491-215-1641x19556
CUST0801,Krista Wilson,josegibson@hernandez.com,Amybury,54,Female,091-969-3957x875
CUST0802,Reginald Morrow,wisedawn@sanders-willis.com,South Elkmont,50,Male,(070)204-2620
CUST0803,Rodney Williams,bmartin@holt-mason.net,South Elkmont,31,Male,971-212-4139
CUST0804,Kimberly Fritz,jessica11@hotmail.com,Hillford,27,Male,696.789.7609
CUST0805,Ronald Potter,josephclark@hotmail.com,Hillford,60,Female,731.267.7319x22760
CUST0806,Zachary Cole,adam27@gmail.com,Andersonberg,48,Female,598.897.8653x394
CUST0807,Robert Gonzales,ayalarobert@pena-quinn.com,Amybury,32,Male,191.654.3089
CUST0808,Patricia Young PhD,jacob23@white-fry.info,North Victor,72,Male,+1-523-120-2191x5057
CUST0809,Heather Page,jamesbrady@green.info,Andersonberg,24,Male,(449)747-0002x6876
CUST0810,Carol Taylor,christophermiller@hill.com,South Elkmont,40,Male,486-764-9797x4163
CUST0811,Daniel Brown,wwashington@smith.com,Andersonberg,72,Female,(560)450-0635x5373
CUST0812,Douglas Ryan,clarklatoya@morrison-hatfield.com,North Victor,53,Male,9649692771
CUST0813,Michael Roberts,msherman@yahoo.com,South Elkmont,41,Female,952-963-5305
CUST0814,Scott Duke,evelyn55@gmail.com,Hillford,25,Female,001-702-551-2827
CUST0815,Anna Estes,dgray@yahoo.com,East Woodville,66,Male,(364)315-9489x89596
CUST0816,Tamara Riddle,smithmonica@yahoo.com,East Woodville,35,Male,(466)345-4434x414
CUST0817,Beth Cline,guzmanmisty@tapia-walton.com,Hillford,54,Male,+1-169-993-9344x974
CUST0818,Michael Poole,qmontgomery@yahoo.com,Amybury,32,Male,946.408.8223
CUST0819,Megan Burns,aaronlittle@yahoo.com,Andersonberg,69,Female,9586297398
CUST0820,Debra Perry,morgan57@lawson.org,South Elkmont,45,Male,+1-894-132-1097x2021
CUST0821,Mark Beard,ronnie71@cruz.net,Hillford,72,Male,075.485.3465x5792
CUST0822,Jose Ramirez,tylermiller@davies.info,Hillford,53,Female,001-203-004-4964x61293
CUST0823,Jackie Clements,pbates@lewis.com,Amybury,67,Male,001-002-512-1375
CUST0824,Aaron Schroeder,bholder@hickman.biz,Andersonberg,70,Female,(589)635-9570x8619
CUST0825,Monica Ellis,jenniferwade@hotmail.com,Hillford,57,Female,+1-314-584-3456x631
CUST0826,Heather Brown,sandraschultz@davis-holt.com,North Victor,57,Female,388-503-4236
CUST0827,Claudia Jordan,nicholas68@stokes-walker.com,Hillford,61,Female,(203)347-4246
CUST0828,Derrick Clayton,rodriguezmatthew@hotmail.com,South Elkmont,59,Female,104.379.6868
CUST0829,Kenneth Knight,berrydavid@finley-ray.com,Andersonberg,53,Female,0852946902
CUST0830,Mr. Michael Williams,lawrencejames@yahoo.com,South Elkmont,19,Female,+1-177-417-4304x3502
CUST0831,Richard Stevens,kelsey28@hotmail.com,Andersonberg,56,Female,850.228.9466
CUST0832,Scott Alexander,fosteramanda@stewart-cabrera.com,North Victor,60,Female,275-233-2829x30202
CUST0833,Tyler Harris,jfrazier@campbell.com,South Elkmont,71,Female,691-330-3033x46771
CUST0834,Bonnie Santos,wayne14@hotmail.com,East Woodville,62,Male,001-167-507-6279x9553
CUST0835,Timothy Hill,troypadilla@yahoo.com,Hillford,35,Female,001-024-530-1239x8472
CUST0836,Danielle Watson,eric33@fitzgerald.info,North Victor,19,Female,034.202.8471
CUST0837,Carol Sanders,tracey20@hotmail.com,Andersonberg,29,Male,001-017-222-4050
CUST0838,Michael Young,roberto75@yahoo.com,South Elkmont,35,Female,648.717.7546x199
CUST0839,Michele Smith,rosejustin@hotmail.com,Hillford,62,Female,(406)583-8727
CUST0840,Casey Perez,udavis@glenn.com,North Victor,66,Female,+1-258-122-5909x5668
CUST0841,Alexandra Dominguez,barbararamos@yahoo.com,Andersonberg,37,Male,482-373-3791x2121
CUST0842,Virginia Henderson,jasonbrock@gmail.com,East Woodville,39,Male,018-780-3586
CUST0843,Benjamin Reyes,jessica91@floyd.biz,East Woodville,40,Male,001-901-707-4039x2519
CUST0844,Ashley Edwards,davisterri@landry.net,Andersonberg,18,Male,+1-945-295-1712x227
CUST0845,Breanna Ayala,obooker@hotmail.com,East Woodville,29,Female,(433)872-2054x2216
CUST0846,Brandi Haney,austinallen@yahoo.com,North Victor,73,Female,(654)963-3083
CUST0847,Joseph Smith,denisebennett@hotmail.com,Hillford,27,Female,444.704.8878
CUST0848,Jessica Bowen,phancock@hill-delgado.com,East Woodville,54,Male,+1-950-470-2059x685
CUST0849,Brittany Jenkins,wilsondavid@barnett.org,Hillford,60,Male,953-774-9266
CUST0850,Shannon Miller,heather19@gmail.com,Amybury,43,Female,+1-329-563-4277x7522
CUST0851,Paul Lawrence,scooke@yahoo.com,East Woodville,22,Male,(920)616-5812x920
CUST0852,Victor Edwards,corybrown@hotmail.com,Amybury,27,Female,+1-592-294-1156x3029
CUST0853,Donald Miller,bhess@hawkins-herrera.net,Hillford,65,Male,596-363-7262x94206
CUST0854,Lindsay Lawson,stonebrenda@hotmail.com,South Elkmont,58,Female,(154)980-8513x3138
CUST0855,Melissa Abbott,tammymerritt@atkins.com,Hillford,19,Female,001-004-983-2112x21215
CUST0856,Elizabeth Holmes,hmcbride@anderson.com,North Victor,23,Female,001-481-582-6868x7640
CUST0857,Nicole Phillips,melissa01@hunter.net,South Elkmont,65,Female,918-548-8064
CUST0858,Steven Blevins,qrowland@wright.net,South Elkmont,51,Female,200-629-8778x7358
CUST0859,Brian Porter MD,ftaylor@hotmail.com,East Woodville,31,Female,664-641-9623x42192
CUST0860,Vanessa Hatfield,catherine83@hotmail.com,East Woodville,42,Male,001-622-132-0410x429
CUST0861,Bonnie Valencia,youngjacob@chase-lewis.com,East Woodville,44,Female,831-478-9117x972
CUST0862,Holly Vega,joshua96@pierce.biz,Hillford,47,Male,001-699-994-9812x83180
CUST0863,Tiffany Townsend,qbryant@coleman.com,South Elkmont,39,Male,3666020005
CUST0864,Austin Baker,jenniferelliott@hotmail.com,North Victor,28,Female,285.386.3105
CUST0865,Antonio Mccormick,uunderwood@gray-maynard.com,North Victor,41,Male,+1-052-438-3805x8269
CUST0866,Lori Mason,david18@jones-bowman.com,Amybury,37,Male,(990)076-8627
CUST0867,Michael Miller,dustin34@gmail.com,Andersonberg,64,Male,001-633-283-8963x37618
CUST0868,Lisa Ramirez,opetty@lynn-patton.com,North Victor,38,Male,186-267-1368x41013
CUST0869,Jorge Harris,brianna71@bailey.com,East Woodville,67,Male,(823)392-1883
CUST0870,Kimberly Myers,jacksonstacey@white-shaffer.net,Amybury,54,Male,(279)187-5067x761
CUST0871,Sandra Becker,qvargas@gmail.com,East Woodville,56,Female,+1-065-920-8814x3192
CUST0872,Michael Blair,douglasbradley@brown-swanson.com,South Elkmont,23,Male,976.178.1596x983
CUST0873,Amy Miller,lmann@andersen-lindsey.net,South Elkmont,74,Male,+1-457-202-6656
CUST0874,Jesse Lynch,stephanie83@yahoo.com,Hillford,21,Male,+1-629-591-2573
CUST0875,Patrick Yang,richard51@miller.com,East Woodville,27,Male,989-925-5394x6074
CUST0876,Michael Miles,paulangela@stokes-smith.biz,North Victor,28,Male,(990)747-2966
CUST0877,Troy Mills,rjimenez@barron.org,Andersonberg,66,Male,001-417-996-7080
CUST0878,Michelle Jackson,kleinjacqueline@reed.net,East Woodville,57,Female,+1-974-748-5994
CUST0879,Richard Adams,roconnell@mckee.com,North Victor,21,Female,(418)398-4167x3478
CUST0880,Patricia Johnson,hendersonnicholas@yahoo.com,Amybury,61,Male,+1-536-988-1649x8044
CUST0881,Denise Brown,robin38@roberts.com,East Woodville,23,Female,092-860-5210x26270
CUST0882,Laura Jones,aaronwelch@yahoo.com,Amybury,35,Female,(648)900-8248x4581
CUST0883,Ian Porter,sarah80@stafford-charles.com,North Victor,46,Male,001-308-898-3057x48839
CUST0884,Holly Scott,gilbertmark@yahoo.com,North Victor,60,Male,+1-741-856-3027x500
CUST0885,Kenneth Sharp,baileyjennifer@gomez-garcia.info,North Victor,45,Female,3056619953
CUST0886,Jordan Williams,ricerachel@martinez-freeman.com,North Victor,49,Male,5641849378
CUST0887,Dana Ruiz,thomasbrooks@yahoo.com,South Elkmont,56,Male,+1-467-908-7018x72600
CUST0888,Chris Velazquez,amandaadams@yahoo.com,Hillford,46,Female,365-103-4444
CUST0889,Kristen Sloan,donaldburgess@gmail.com,North Victor,44,Female,(990)674-5686
CUST0890,Jennifer Morris,danielmitchell@gmail.com,South Elkmont,35,Male,(240)622-1559x967
CUST0891,Nathan Nelson,cmanning@gmail.com,Andersonberg,31,Female,(562)221-9053
CUST0892,Jake Shaw,rmoyer@fisher.info,South Elkmont,66,Male,470.474.7648
CUST0893,Cassie Brock,karen68@mclean.com,Amybury,50,Male,559-396-5213x8350
CUST0894,Dr. Andrea Marshall,martinezmaurice@saunders.com,Andersonberg,25,Male,124.553.1290x0362
CUST0895,Ryan Murphy,vbray@gmail.com,Amybury,40,Male,+1-211-732-7726x48839
CUST0896,Aimee Gonzalez,froberts@gmail.com,Hillford,45,Male,(855)852-2942x525
CUST0897,Elizabeth Dean,christinadaniel@gmail.com,East Woodville,25,Male,618-575-9171
CUST0898,Kevin Snyder,katie43@hoover.com,East Woodville,36,Female,5080549147
CUST0899,Christie Mccullough,victoriagarza@hernandez.com,South Elkmont,61,Female,447.353.5247x841
CUST0900,Danielle Smith,ronaldjensen@lin.biz,Amybury,61,Female,159.497.3449x305
CUST0901,David Reed,jeffreysimmons@gmail.com,Hillford,55,Female,788.033.1836
CUST0902,Sherry Tapia,torresjoseph@yahoo.com,East Woodville,49,Male,133-892-6087
CUST0903,Matthew Sweeney,dwright@gmail.com,Hillford,51,Female,828.152.7873x04862
CUST0904,Ashley Moreno,williamsjulie@mitchell.org,Hillford,60,Female,152-174-6535x37801
CUST0905,Johnathan Brown,flopez@cook-rodriguez.com,East Woodville,37,Female,915.673.4467x17762
CUST0906,Michelle Davis DVM,michael59@jacobs.org,East Woodville,20,Male,001-691-433-6299
CUST0907,Kelly Haynes,eatondavid@hotmail.com,Andersonberg,32,Male,001-466-450-9999
CUST0908,William Miller,willisrhonda@roth.com,Andersonberg,43,Female,0108985739
CUST0909,Casey Wilkins,kevin73@le.net,North Victor,56,Male,8352118968
CUST0910,Keith Graham,patricia71@yahoo.com,Amybury,21,Male,424-648-8499x7957
CUST0911,Cynthia Green,gbarnes@jackson.com,East Woodville,18,Male,(857)595-8281
CUST0912,Robert Haynes,sosabruce@hotmail.com,Hillford,31,Female,001-022-179-7891
CUST0913,Emily Nelson,isimpson@mata.biz,Amybury,37,Female,(488)397-1705
CUST0914,Dale Chan,nlawson@gmail.com,North Victor,31,Female,001-984-451-4367x28681
CUST0915,Brittney Martin,ashleyvargas@suarez.info,Hillford,67,Female,230-388-5681
CUST0916,Jason Herrera,melissa44@hotmail.com,South Elkmont,26,Male,001-193-978-1459x00992
CUST0917,Christine Parker,jeffreyferguson@williams-hernandez.com,North Victor,66,Male,779-055-2866
CUST0918,Bryan Moore,morgan03@nichols.com,East Woodville,34,Male,001-335-158-8070
CUST0919,Samantha Terry,christopher84@hotmail.com,South Elkmont,36,Male,001-532-601-1939x10382
CUST0920,Russell Murphy,svillanueva@galloway-garrett.com,South Elkmont,38,Female,001-742-551-3609
CUST0921,David Kelly,jessicaramirez@yahoo.com,North Victor,25,Female,8581810450
CUST0922,Megan Green,sharphailey@scott.com,East Woodville,18,Female,(437)361-5873
CUST0923,Amanda Sullivan MD,markharris@hotmail.com,Hillford,49,Male,(627)135-8969x3353
CUST0924,Danielle Murray,seanblair@yahoo.com,South Elkmont,65,Male,+1-005-856-1547x315
CUST0925,Brenda Smith,racheldavis@gmail.com,North Victor,45,Male,(639)792-5511x6436
CUST0926,Vickie Anderson,lisathompson@hotmail.com,North Victor,29,Male,+1-902-837-7270x28966
CUST0927,Jacqueline Mccoy,deborahsmith@gmail.com,Hillford,26,Female,(053)428-1644x16101
CUST0928,Lauren Green,mmcdaniel@thomas.com,East Woodville,42,Female,+1-753-584-6405x103
CUST0929,Alison Brown,hgarcia@gmail.com,North Victor,52,Male,+1-880-273-0427x63628
CUST0930,Jill Anderson,grayandrew@hines.com,North Victor,63,Male,444-718-9395
CUST0931,Sandra Rivera,kaylaadams@greene.com,North Victor,32,Female,096.906.7649
CUST0932,Joel Jackson,harristimothy@hotmail.com,Amybury,50,Male,+1-092-288-4987x4551
CUST0933,Samantha Foster,kylemendoza@gmail.com,Andersonberg,53,Male,001-358-727-1743x068
CUST0934,Michael Thompson,courtney10@garcia.com,Hillford,71,Female,+1-116-403-4398
CUST0935,Cody Ramirez,aaronwalker@gmail.com,Amybury,60,Male,001-818-738-7758x33364
CUST0936,Amanda Harvey,phernandez@yahoo.com,North Victor,69,Male,001-770-413-0909x15386
CUST0937,Edward Jenkins,tmcdaniel@vasquez.com,Andersonberg,40,Male,2826254204
CUST0938,Amy Ramirez,michael95@ward.com,Hillford,22,Female,231-905-7720
CUST0939,Curtis Wilkerson,royrogers@shelton.com,South Elkmont,43,Male,410-079-4193x245
CUST0940,Lydia Pham,nancy47@hotmail.com,Hillford,73,Female,001-381-097-9412x24870
CUST0941,Virginia Casey,lisa10@gmail.com,Amybury,65,Male,001-872-649-6322
CUST0942,Joshua Washington,dylan77@wilson.com,Amybury,20,Male,(174)224-0432x611
CUST0943,Kathryn Price,morrisdavid@gomez-snyder.info,Amybury,45,Female,+1-900-346-8616
CUST0944,Francis Robinson,devon36@yahoo.com,Hillford,19,Female,070.286.7202
CUST0945,Paula Brown,opatel@yahoo.com,East Woodville,47,Female,001-009-536-6219x53689
CUST0946,Kendra Wang DVM,xrose@shepherd.com,North Victor,22,Male,0577950017
CUST0947,Ariel Sandoval,victoriasmith@wells.com,Hillford,73,Male,259.007.3971
CUST0948,Robert Stark,kenneththomas@hotmail.com,South Elkmont,38,Female,072.211.3869
CUST0949,Zachary Robinson,jasonwalker@hotmail.com,South Elkmont,54,Male,8716722104
CUST0950,Rebecca Kelly,haydenjane@quinn-horton.biz,South Elkmont,45,Male,461-719-2817x07443
CUST0951,Sarah Thompson,mileselizabeth@gmail.com,North Victor,54,Female,(023)442-2521x60252
CUST0952,Renee Wolfe,anthonydiaz@gmail.com,Andersonberg,43,Male,941.209.4477
CUST0953,Alyssa Haynes,smithmariah@hernandez-white.com,Amybury,63,Male,(690)326-5513
CUST0954,Kristy Hart,vjenkins@yahoo.com,North Victor,58,Female,(761)794-8024
CUST0955,William Keith,daniel00@potter.biz,Amybury,44,Female,(598)516-0211x915
CUST0956,Eric Henry Jr.,samantha84@hotmail.com,North Victor,36,Female,+1-912-686-4986
CUST0957,Daniel Fox,rhuynh@boyd.com,Amybury,25,Male,786-862-3760x088
CUST0958,Thomas Harris,robinsonisaiah@hotmail.com,North Victor,43,Female,474-083-7819x190
CUST0959,Mitchell Sellers,pwoods@sullivan.com,Andersonberg,19,Female,499.216.4006x9836
CUST0960,Erica Johnson,josephgarcia@yahoo.com,Hillford,38,Female,+1-235-348-4864x708
CUST0961,Sylvia Schroeder,allenfrancisco@gmail.com,South Elkmont,28,Male,(139)865-4622
CUST0962,Shannon Yu,carlaavila@lopez-harris.com,Amybury,69,Female,001-021-237-2055x033
CUST0963,Tom Foster,christopher99@elliott.com,North Victor,57,Female,0008863467
CUST0964,Eric Taylor,christopher40@walton-benjamin.net,Andersonberg,47,Female,919.008.8991
CUST0965,Travis Conner,karen52@leonard.net,Andersonberg,71,Male,416-009-1692
CUST0966,Marie Thompson,andrewflynn@willis-christian.com,South Elkmont,62,Female,273.798.9790
CUST0967,Melissa Mcfarland,faithmiller@davis.com,North Victor,41,Male,(085)481-8674x6300
CUST0968,Courtney Chapman,seth25@ward-chase.biz,Hillford,23,Female,9984336113
CUST0969,Eric Barker,nallen@jones.info,Amybury,45,Male,118.151.9854x582
CUST0970,Nicholas Rush,thomasmonica@dillon.info,Hillford,72,Male,001-942-034-0153x53466
CUST0971,Jenna Gamble,sedwards@jones.com,East Woodville,24,Male,7569994494
CUST0972,Amanda Guzman,jonesjennifer@yahoo.com,Andersonberg,33,Female,(672)010-8240x2818
CUST0973,Tracy Walker,wgood@yahoo.com,Andersonberg,45,Male,(238)794-0262
CUST0974,Taylor Taylor,bonillatracy@trevino-morales.org,South Elkmont,55,Female,8581745273
CUST0975,Cynthia Haas,nrichardson@brooks-fleming.net,North Victor,43,Male,(364)235-7004x129
CUST0976,Stephen Davis,natalie09@hotmail.com,East Woodville,51,Female,828-518-1612
CUST0977,Margaret Tanner,hollycastro@farrell.biz,East Woodville,23,Female,+1-559-046-1007x9230
CUST0978,Derek Wright,onash@sawyer-caldwell.com,East Woodville,43,Female,660-012-8382x710
CUST0979,David Rodriguez,dday@gmail.com,North Victor,73,Male,232-961-5120
CUST0980,James Oconnor,jessicalowery@tate-gonzalez.com,Amybury,37,Male,+1-485-076-6534x4604
CUST0981,Stacey Snyder,matthew97@park.com,Andersonberg,65,Male,+1-227-634-6019x1530
CUST0982,Joshua Garcia,jjohnson@yahoo.com,North Victor,39,Female,(734)724-3586x176
CUST0983,Sean Curtis,lukejohnson@schroeder.biz,East Woodville,32,Female,+1-225-127-2670
CUST0984,Carla Jones,brianparrish@hotmail.com,Andersonberg,39,Female,666.562.2419x76878
CUST0985,Elizabeth Flores,johnny21@gmail.com,Andersonberg,67,Female,947-712-9035x006
CUST0986,Angela Jackson,richard47@warren-caldwell.com,East Woodville,28,Male,848-974-2235
CUST0987,Nicholas Payne,davisrachel@richmond-phillips.com,East Woodville,22,Male,340-466-8212x156
CUST0988,Anna Wheeler,iolson@hotmail.com,Andersonberg,50,Male,952-549-2064x411
CUST0989,Karen Johnson,sgomez@price.org,South Elkmont,58,Male,973-881-8273
CUST0990,Carmen Preston,sharpbeth@morris.com,Hillford,25,Female,6343594882
CUST0991,Brian Harris,peggypeck@lin-wilson.biz,Hillford,51,Female,001-188-496-8066x4051
CUST0992,Michael Bowen,mcneilsherry@gmail.com,Andersonberg,50,Female,021-254-3412
CUST0993,Deborah Campbell,johnsonjulie@gmail.com,Amybury,30,Male,016.049.8603
CUST0994,Anthony Armstrong,carolynrobinson@gmail.com,Amybury,75,Male,218.600.3203x1978
CUST0995,Brittany Ward,woodmichael@mosley-shaw.com,South Elkmont,67,Male,001-990-114-0034
CUST0996,Edward Stanley,wgutierrez@yahoo.com,North Victor,40,Female,131.719.7860x1625
CUST0997,Christina Johnson,daniel27@yahoo.com,Andersonberg,40,Male,+1-908-419-4785x50113
CUST0998,Edgar Miller,angelamartin@yahoo.com,Amybury,64,Female,535.821.0728x878
CUST0999,Elizabeth Sanders,megan64@hotmail.com,Andersonberg,70,Female,001-072-790-3716x1608
